2,TURISTICA PERLA DEL CARIBE,LA PAZ,,ALUMBRADO PUBLICO -/- LUMINARIA HORIZONTAL CERRADA CON FOTOCELDA SODIO  250 W,250,CALLE,984057.304541018,1724151.47215814,11.14386800374,-74.22345741631,SODIO,HORIZONTAL CERRADA,2019-09-12 10:13:19-05
3,TURISTICA PERLA DEL CARIBE,LA PAZ,,ALUMBRADO PUBLICO -/- REFLECTOR RECTANGULAR METAL HALIDE  150 W,150,CALLE,984285.679934111,1724476.56290452,11.14680792205,-74.22136817281,METAL HALIDE,REFLECTOR RECTANGULAR,2019-09-12 10:13:19-05
4,TURISTICA PERLA DEL CARIBE,LA PAZ,,ALUMBRADO PUBLICO -/- LUMINARIA HORIZONTAL CERRADA CON FOTOCELDA SODIO  70 W,70,CALLE,984309.401558547,1724544.81580466,11.14742505086,-74.22115131122,SODIO,Sin Identificar...,2019-09-12 10:13:19-05
5,TURISTICA PERLA DEL CARIBE,LA PAZ,D2274,ALUMBRADO PUBLICO -/- LUMINARIA HORIZONTAL CERRADA CON FOTOCELDA SODIO  400 W,400,CALLE,984267.983434215,1724751.1590183,11.14929026776,-74.22153140077,SODIO,HORIZONTAL CERRADA,2019-09-12 10:13:19-05
6,TURISTICA PERLA DEL CARIBE,LA PAZ,,ALUMBRADO PUBLICO -/- LUMINARIA HORIZONTAL CERRADA CON FOTOCELDA SODIO  70 W,70,CALLE,984266.613374064,1724863.41401905,11.1503050773,-74.22154444295,SODIO,Sin Identificar...,2019-09-12 10:13:19-05
7,TURISTICA PERLA DEL CARIBE,LA PAZ,,ALUMBRADO PUBLICO -/- LUMINARIA HORIZONTAL CERRADA CON FOTOCELDA SODIO  70 W,70,CALLE,984968.215781447,1725097.69955582,11.15242870414,-74.21511865591,SODIO,Sin Identificar...,2019-09-12 10:13:19-05
8,TURISTICA PERLA DEL CARIBE,LA PAZ,,ALUMBRADO PUBLICO -/- REFLECTOR CIRCULAR AHORRADOR  50 W,50,RURAL SECUNDARIO,985019.353912841,1725276.14555645,11.15403951162,-74.21465499248,FLUORESCENTE,Sin Identificar...,2019-09-12 10:13:19-05
9,TURISTICA PERLA DEL CARIBE,LA PAZ,,ALUMBRADO PUBLICO -/- REFLECTOR CIRCULAR AHORRADOR  50 W,50,RURAL SECUNDARIO,985019.123065334,1725358.15629076,11.15478090986,-74.21465745355,FLUORESCENTE,Sin Identificar...,2019-09-12 10:13:19-05
10,TURISTICA PERLA DEL CARIBE,LA PAZ,,ALUMBRADO PUBLICO -/- LUMINARIA VERTICAL ABIERTA MERCURIO  125 W,125,RURAL SECUNDARIO,984938.229173164,1725383.30100534,11.15500788529,-74.21539814071,MERCURIO,VERTICAL ABIERTA,2019-09-12 10:13:19-05
11,TURISTICA PERLA DEL CARIBE,LA PAZ,,ALUMBRADO PUBLICO -/- REFLECTOR RECTANGULAR SODIO  150 W,150,RURAL SECUNDARIO,984945.106022351,1725308.39261245,11.15433072214,-74.21533486427,SODIO,REFLECTOR RECTANGULAR,2019-09-12 10:13:19-05
12,TURISTICA PERLA DEL CARIBE,LA PAZ,,ALUMBRADO PUBLICO -/- LUMINARIA VERTICAL ABIERTA SODIO  70 W,70,CALLE,985298.188077536,1725211.94712801,11.15346029675,-74.21210201733,SODIO,VERTICAL ABIERTA,2019-09-12 10:13:19-05
13,TURISTICA PERLA DEL CARIBE,LA PAZ,,ALUMBRADO PUBLICO -/- LUMINARIA HORIZONTAL ABIERTA AHORRADOR  20 W,20,CALLE,985319.035980267,1725219.71661026,11.1534387378,-74.21191562254,FLUORESCENTE,HORIZONTAL ABIERTA,2019-09-12 10:13:19-05
14,TURISTICA PERLA DEL CARIBE,LA PAZ,,ALUMBRADO PUBLICO -/- LUMINARIA HORIZONTAL CERRADA CON FOTOCELDA SODIO  70 W,70,CALLE,985454.840308854,1725215.67826307,11.15349466732,-74.21066789474,SODIO,Sin Identificar...,2019-09-12 10:13:19-05
15,TURISTICA PERLA DEL CARIBE,LA PAZ,,ALUMBRADO PUBLICO -/- LUMINARIA HORIZONTAL CERRADA CON FOTOCELDA SODIO  150 W,150,CALLE,985466.876566247,1725249.55051074,11.15380093056,-74.2105578431,SODIO,HORIZONTAL CERRADA,2019-09-12 10:13:19-05
16,TURISTICA PERLA DEL CARIBE,LA PAZ,10049,ALUMBRADO PUBLICO -/- LUMINARIA HORIZONTAL CERRADA CON FOTOCELDA SODIO  70 W,70,CALLE,985463.94561805,1725262.23973531,11.1539156327,-74.21058472791,SODIO,Sin Identificar...,2019-09-12 10:13:19-05
17,TURISTICA PERLA DEL CARIBE,LA PAZ,,ALUMBRADO PUBLICO -/- LUMINARIA HORIZONTAL CERRADA CON FOTOCELDA SODIO  70 W,70,CALLE,985331.536455585,1725066.49304079,11.15209816157,-74.21179313962,SODIO,Sin Identificar...,2019-09-12 10:13:19-05
18,TURISTICA PERLA DEL CARIBE,LA PAZ,,ALUMBRADO PUBLICO -/- LUMINARIA HORIZONTAL CERRADA CON FOTOCELDA SODIO  70 W,70,CALLE,985321.297033939,1725070.12574889,11.15217828772,-74.21188986777,SODIO,Sin Identificar...,2019-09-12 10:13:19-05
19,TURISTICA PERLA DEL CARIBE,LA PAZ,15673,ALUMBRADO PUBLICO -/- LUMINARIA HORIZONTAL CERRADA CON FOTOCELDA SODIO  70 W,70,CALLE,985294.596495035,1725063.81618145,11.15212551804,-74.21212359764,SODIO,Sin Identificar...,2019-09-12 10:13:19-05
20,TURISTICA PERLA DEL CARIBE,LA PAZ,,ALUMBRADO PUBLICO -/- LUMINARIA HORIZONTAL CERRADA CON FOTOCELDA SODIO  70 W,70,CALLE,985246.25274752,1725073.96446509,11.15216512401,-74.21258462831,SODIO,Sin Identificar...,2019-09-12 10:13:19-05
21,TURISTICA PERLA DEL CARIBE,LA PAZ,,ALUMBRADO PUBLICO -/- LUMINARIA HORIZONTAL CERRADA CON FOTOCELDA SODIO  70 W,70,CALLE,985201.511358166,1725072.68177013,11.1522009016,-74.21298650136,SODIO,Sin Identificar...,2019-09-12 10:13:19-05
22,TURISTICA PERLA DEL CARIBE,LA PAZ,15717,ALUMBRADO PUBLICO -/- LUMINARIA HORIZONTAL CERRADA CON FOTOCELDA SODIO  70 W,70,CALLE,985113.061160638,1724983.59641066,11.15135474516,-74.21384540929,SODIO,Sin Identificar...,2019-09-12 10:13:19-05
23,TURISTICA PERLA DEL CARIBE,LA PAZ,,ALUMBRADO PUBLICO -/- LUMINARIA HORIZONTAL CERRADA CON FOTOCELDA SODIO  70 W,70,CALLE,985002.317097852,1725125.61795507,11.15267862997,-74.21481032457,SODIO,Sin Identificar...,2019-09-12 10:13:19-05
24,TURISTICA PERLA DEL CARIBE,LA PAZ,,ALUMBRADO PUBLICO -/- LUMINARIA HORIZONTAL CERRADA CON FOTOCELDA SODIO  70 W,70,CALLE,985033.092618151,1725126.27616127,11.15268470916,-74.21452858086,SODIO,Sin Identificar...,2019-09-12 10:13:19-05
25,TURISTICA PERLA DEL CARIBE,LA PAZ,12310,ALUMBRADO PUBLICO -/- LUMINARIA HORIZONTAL CERRADA CON FOTOCELDA SODIO  70 W,70,CALLE,985067.609902597,1725127.78772364,11.15269851827,-74.2142125853,SODIO,Sin Identificar...,2019-09-12 10:13:19-05
26,TURISTICA PERLA DEL CARIBE,LA PAZ,12313,ALUMBRADO PUBLICO -/- LUMINARIA HORIZONTAL CERRADA CON FOTOCELDA SODIO  70 W,70,CALLE,985104.075839089,1725128.84641267,11.15270824106,-74.2138787481,SODIO,Sin Identificar...,2019-09-12 10:13:19-05
27,TURISTICA PERLA DEL CARIBE,LA PAZ,15683,ALUMBRADO PUBLICO -/- LUMINARIA HORIZONTAL CERRADA CON FOTOCELDA SODIO  70 W,70,CALLE,985144.495857773,1725176.75603763,11.15314152508,-74.21350890861,SODIO,Sin Identificar...,2019-09-12 10:13:19-05
28,TURISTICA PERLA DEL CARIBE,LA PAZ,A15682,ALUMBRADO PUBLICO -/- LUMINARIA HORIZONTAL CERRADA CON FOTOCELDA SODIO  70 W,70,RURAL SECUNDARIO,985102.647259549,1725177.74356763,11.15315027867,-74.2138920327,SODIO,Sin Identificar...,2019-09-12 10:13:19-05
29,TURISTICA PERLA DEL CARIBE,LA PAZ,,ALUMBRADO PUBLICO -/- LUMINARIA HORIZONTAL CERRADA CON FOTOCELDA SODIO  70 W,70,RURAL SECUNDARIO,985067.744944902,1725176.38308416,11.15313783408,-74.21421155432,SODIO,Sin Identificar...,2019-09-12 10:13:19-05
30,TURISTICA PERLA DEL CARIBE,LA PAZ,,ALUMBRADO PUBLICO -/- REFLECTOR RECTANGULAR HALOGENO 150 W,150,CALLE,984993.431200053,1725171.42877641,11.15309273497,-74.2148918685,TUGSTENO HALOGENO,REFLECTOR RECTANGULAR,2019-09-12 10:13:19-05
31,TURISTICA PERLA DEL CARIBE,LA PAZ,7946,ALUMBRADO PUBLICO -/- LUMINARIA HORIZONTAL CERRADA CON FOTOCELDA SODIO  70 W,70,RURAL SECUNDARIO,984946.919537429,1725167.26348688,11.1530548843,-74.2153176605,SODIO,Sin Identificar...,2019-09-12 10:13:19-05
32,TURISTICA PERLA DEL CARIBE,LA PAZ,,ALUMBRADO PUBLICO -/- REFLECTOR RECTANGULAR LED  100 W,100,RURAL SECUNDARIO,984960.683874445,1725383.93015531,11.15501366742,-74.21519257144,LED,REFLECTOR RECTANGULAR,2019-09-12 10:13:19-05
33,TURISTICA PERLA DEL CARIBE,LA PAZ,A13619,ALUMBRADO PUBLICO -/- LUMINARIA HORIZONTAL CERRADA CON FOTOCELDA SODIO  70 W,70,CALLE,985243.241868527,1725469.30610327,11.15578666548,-74.21260611996,SODIO,Sin Identificar...,2019-09-12 10:13:19-05
34,TURISTICA PERLA DEL CARIBE,LA PAZ,,ALUMBRADO PUBLICO -/- LUMINARIA HORIZONTAL CERRADA CON FOTOCELDA SODIO  70 W,70,CALLE,985244.321353847,1725499.19994968,11.15605691838,-74.21259636213,SODIO,Sin Identificar...,2019-09-12 10:13:19-05
35,TURISTICA PERLA DEL CARIBE,LA PAZ,,ALUMBRADO PUBLICO -/- LUMINARIA HORIZONTAL CERRADA CON FOTOCELDA SODIO  70 W,70,CALLE,985243.79238601,1725525.52357618,11.15629488889,-74.21260131477,SODIO,Sin Identificar...,2019-09-12 10:13:19-05
36,TURISTICA PERLA DEL CARIBE,LA PAZ,A13617,ALUMBRADO PUBLICO -/- LUMINARIA HORIZONTAL CERRADA CON FOTOCELDA SODIO  70 W,70,CALLE,985240.948965045,1725553.77304792,11.15655026001,-74.21262746431,SODIO,Sin Identificar...,2019-09-12 10:13:19-05
37,TURISTICA PERLA DEL CARIBE,LA PAZ,A13621,ALUMBRADO PUBLICO -/- LUMINARIA HORIZONTAL CERRADA CON FOTOCELDA SODIO  70 W,70,CALLE,985257.872063283,1725470.42924359,11.15579687928,-74.21247218539,SODIO,Sin Identificar...,2019-09-12 10:13:19-05
38,TURISTICA PERLA DEL CARIBE,LA PAZ,A13618,ALUMBRADO PUBLICO -/- LUMINARIA HORIZONTAL CERRADA CON FOTOCELDA SODIO  70 W,70,CALLE,985291.85460496,1725470.20396046,11.15579498251,-74.21216107468,SODIO,Sin Identificar...,2019-09-12 10:13:19-05
39,TURISTICA PERLA DEL CARIBE,LA PAZ,,ALUMBRADO PUBLICO -/- REFLECTOR CIRCULAR SODIO  150 W,150,CALLE,985315.160754496,1725474.58242606,11.15583466075,-74.21194772535,SODIO,REFLECTOR CIRCULAR,2019-09-12 10:13:19-05
40,TURISTICA PERLA DEL CARIBE,LA PAZ,,ALUMBRADO PUBLICO -/- REFLECTOR CIRCULAR AHORRADOR  50 W,50,CALLE,985315.597458872,1725502.63359475,11.15604927703,-74.21194377448,FLUORESCENTE,Sin Identificar...,2019-09-12 10:13:19-05
41,TURISTICA PERLA DEL CARIBE,LA PAZ,,ALUMBRADO PUBLICO -/- REFLECTOR CIRCULAR AHORRADOR  50 W,50,CALLE,985314.984101686,1725517.80026439,11.15613546381,-74.2119452446,FLUORESCENTE,Sin Identificar...,2019-09-12 10:13:19-05
42,TURISTICA PERLA DEL CARIBE,LA PAZ,,ALUMBRADO PUBLICO -/- LUMINARIA VERTICAL ABIERTA SODIO  70 W,70,CALLE,985321.823970714,1725333.82388374,11.15456381161,-74.21188880916,SODIO,VERTICAL ABIERTA,2019-09-12 10:13:19-05
43,TURISTICA PERLA DEL CARIBE,LA PAZ,,ALUMBRADO PUBLICO -/- REFLECTOR RECTANGULAR AHORRADOR 42 W ,50,CALLE,985332.864411696,1725225.42682948,11.15357978259,-74.21182815648,FLUORESCENTE,REFLECTOR RECTANGULAR,2019-09-12 10:13:19-05
44,TURISTICA PERLA DEL CARIBE,LA PAZ,,ALUMBRADO PUBLICO -/- REFLECTOR RECTANGULAR SODIO 400 W,400,CALLE,985327.327359717,1725177.42686211,11.15314834374,-74.21183510635,SODIO,REFLECTOR RECTANGULAR,2019-09-12 10:13:19-05
45,TURISTICA PERLA DEL CARIBE,LA PAZ,10139,ALUMBRADO PUBLICO -/- LUMINARIA HORIZONTAL CERRADA CON FOTOCELDA SODIO  70 W,70,CALLE,985326.881312999,1725170.96567042,11.15308993098,-74.21183916304,SODIO,Sin Identificar...,2019-09-12 10:13:19-05
46,TURISTICA PERLA DEL CARIBE,LA PAZ,,ALUMBRADO PUBLICO -/- REFLECTOR RECTANGULAR SODIO  150 W,150,CALLE,985324.879039758,1725133.80814673,11.15275400864,-74.21185733937,SODIO,REFLECTOR RECTANGULAR,2019-09-12 10:13:19-05
47,TURISTICA PERLA DEL CARIBE,LA PAZ,15666,ALUMBRADO PUBLICO -/- LUMINARIA HORIZONTAL CERRADA CON FOTOCELDA SODIO  70 W,70,CALLE,985311.764731622,1724989.56431065,11.15144995123,-74.21197680003,SODIO,Sin Identificar...,2019-09-12 10:13:19-05
48,TURISTICA PERLA DEL CARIBE,LA PAZ,A15724,ALUMBRADO PUBLICO -/- LUMINARIA HORIZONTAL CERRADA CON FOTOCELDA SODIO  70 W,70,CALLE,985305.187449849,1724925.37542956,11.15086963921,-74.21203674723,SODIO,Sin Identificar...,2019-09-12 10:13:19-05
49,TURISTICA PERLA DEL CARIBE,LA PAZ,A11445,ALUMBRADO PUBLICO -/- LUMINARIA HORIZONTAL CERRADA CON FOTOCELDA SODIO  70 W,70,CALLE,985303.018255384,1724861.54076029,11.15029254743,-74.21205634045,SODIO,Sin Identificar...,2019-09-12 10:13:19-05
50,TURISTICA PERLA DEL CARIBE,LA PAZ,,ALUMBRADO PUBLICO -/- LUMINARIA HORIZONTAL CERRADA CON FOTOCELDA SODIO  70 W,70,CALLE,985302.191448821,1724848.77822807,11.15017716725,-74.21206385665,SODIO,Sin Identificar...,2019-09-12 10:13:19-05
51,TURISTICA PERLA DEL CARIBE,LA PAZ,A11442,ALUMBRADO PUBLICO -/- LUMINARIA HORIZONTAL CERRADA CON FOTOCELDA SODIO  70 W,70,CALLE,985302.733707096,1724823.3857744,11.14994761474,-74.21205878681,SODIO,Sin Identificar...,2019-09-12 10:13:19-05
52,TURISTICA PERLA DEL CARIBE,LA PAZ,A11614,ALUMBRADO PUBLICO -/- LUMINARIA HORIZONTAL CERRADA CON FOTOCELDA SODIO  70 W,70,CALLE,985277.740135689,1724687.17240739,11.14871610585,-74.21228703087,SODIO,Sin Identificar...,2019-09-12 10:13:19-05
53,TURISTICA PERLA DEL CARIBE,LA PAZ,A11607,ALUMBRADO PUBLICO -/- LUMINARIA HORIZONTAL CERRADA CON FOTOCELDA SODIO  70 W,70,CALLE,985254.653492689,1724655.75353157,11.14843197558,-74.21249825267,SODIO,Sin Identificar...,2019-09-12 10:13:19-05
54,TURISTICA PERLA DEL CARIBE,LA PAZ,A11347,ALUMBRADO PUBLICO -/- LUMINARIA HORIZONTAL CERRADA CON FOTOCELDA SODIO  70 W,70,CALLE,985236.609960107,1724832.55594506,11.15003024352,-74.21266417513,SODIO,Sin Identificar...,2019-09-12 10:13:19-05
55,TURISTICA PERLA DEL CARIBE,LA PAZ,A11349,ALUMBRADO PUBLICO -/- LUMINARIA HORIZONTAL CERRADA CON FOTOCELDA SODIO  70 W,70,CALLE,985231.415781531,1724801.73005599,11.14975154762,-74.21271159806,SODIO,Sin Identificar...,2019-09-12 10:13:19-05
56,TURISTICA PERLA DEL CARIBE,LA PAZ,A12767,ALUMBRADO PUBLICO -/- LUMINARIA HORIZONTAL CERRADA CON FOTOCELDA SODIO  70 W,70,CALLE,985038.73378345,1724672.1097733,11.14857894477,-74.21447501443,SODIO,Sin Identificar...,2019-09-12 10:13:19-05
57,TURISTICA PERLA DEL CARIBE,LA PAZ,A11977,ALUMBRADO PUBLICO -/- LUMINARIA HORIZONTAL CERRADA CON FOTOCELDA SODIO  70 W,70,CALLE,984995.529425868,1724677.33385778,11.14862599113,-74.21487056219,SODIO,Sin Identificar...,2019-09-12 10:13:19-05
58,TURISTICA PERLA DEL CARIBE,LA PAZ,A11978,ALUMBRADO PUBLICO -/- LUMINARIA HORIZONTAL CERRADA CON FOTOCELDA SODIO  70 W,70,CALLE,984964.05993252,1724680.20758901,11.14865183843,-74.21515867016,SODIO,Sin Identificar...,2019-09-12 10:13:19-05
59,TURISTICA PERLA DEL CARIBE,LA PAZ,A11972,ALUMBRADO PUBLICO -/- LUMINARIA HORIZONTAL CERRADA CON FOTOCELDA SODIO  70 W,70,CALLE,984931.872378188,1724681.251881,11.1486611438,-74.21545334406,SODIO,Sin Identificar...,2019-09-12 10:13:19-05
60,TURISTICA PERLA DEL CARIBE,LA PAZ,,ALUMBRADO PUBLICO -/- LUMINARIA HORIZONTAL CERRADA CON FOTOCELDA SODIO  70 W,70,CALLE,984907.643685908,1724675.77143363,11.14861149701,-74.21567512862,SODIO,Sin Identificar...,2019-09-12 10:13:19-05
61,TURISTICA PERLA DEL CARIBE,LA PAZ,A10702,ALUMBRADO PUBLICO -/- LUMINARIA HORIZONTAL CERRADA CON FOTOCELDA SODIO  70 W,70,CALLE,984897.284679442,1724691.9411638,11.14875763211,-74.21577003193,SODIO,Sin Identificar...,2019-09-12 10:13:19-05
62,TURISTICA PERLA DEL CARIBE,LA PAZ,,ALUMBRADO PUBLICO -/- LUMINARIA HORIZONTAL CERRADA CON FOTOCELDA SODIO  70 W,70,CALLE,984868.620279433,1724703.17489358,11.14885906707,-74.2160324959,SODIO,Sin Identificar...,2019-09-12 10:13:19-05
63,TURISTICA PERLA DEL CARIBE,LA PAZ,,ALUMBRADO PUBLICO -/- LUMINARIA HORIZONTAL CERRADA CON FOTOCELDA SODIO  70 W,70,CALLE,984833.364226836,1724715.55984072,11.1489708812,-74.21635531007,SODIO,Sin Identificar...,2019-09-12 10:13:19-05
64,TURISTICA PERLA DEL CARIBE,LA PAZ,,ALUMBRADO PUBLICO -/- LUMINARIA HORIZONTAL CERRADA CON FOTOCELDA SODIO  70 W,70,CALLE,984797.257246426,1724733.09200141,11.14912922358,-74.21668593667,SODIO,Sin Identificar...,2019-09-12 10:13:19-05
65,TURISTICA PERLA DEL CARIBE,LA PAZ,,ALUMBRADO PUBLICO -/- LUMINARIA HORIZONTAL CERRADA CON FOTOCELDA SODIO  70 W,70,CALLE,984764.271734408,1724753.72450951,11.14931560686,-74.21698800062,SODIO,Sin Identificar...,2019-09-12 10:13:19-05
66,TURISTICA PERLA DEL CARIBE,LA PAZ,,ALUMBRADO PUBLICO -/- LUMINARIA HORIZONTAL CERRADA CON FOTOCELDA SODIO  150 W,150,CALLE,984693.443716471,1724819.65138178,11.14997504876,-74.21760582297,SODIO,HORIZONTAL CERRADA,2019-09-12 10:13:19-05
67,TURISTICA PERLA DEL CARIBE,LA PAZ,A2140,ALUMBRADO PUBLICO -/- LUMINARIA HORIZONTAL CERRADA CON FOTOCELDA SODIO  70 W,70,CALLE,984640.516751889,1724632.76684872,11.14822158788,-74.21812042522,SODIO,Sin Identificar...,2019-09-12 10:13:19-05
68,TURISTICA PERLA DEL CARIBE,LA PAZ,,ALUMBRADO PUBLICO -/- LUMINARIA HORIZONTAL CERRADA CON FOTOCELDA SODIO  70 W,70,CALLE,984643.550832495,1724672.439569,11.1485802531,-74.21809282128,SODIO,Sin Identificar...,2019-09-12 10:13:19-05
69,TURISTICA PERLA DEL CARIBE,LA PAZ,,ALUMBRADO PUBLICO -/- LUMINARIA HORIZONTAL CERRADA CON FOTOCELDA SODIO  70 W,70,CALLE,984649.272357967,1724710.9274828,11.14892821886,-74.21804060919,SODIO,Sin Identificar...,2019-09-12 10:13:19-05
70,TURISTICA PERLA DEL CARIBE,LA PAZ,,ALUMBRADO PUBLICO -/- LUMINARIA HORIZONTAL CERRADA CON FOTOCELDA SODIO  70 W,70,CALLE,984662.241157374,1724747.22617389,11.14925642449,-74.21792204027,SODIO,Sin Identificar...,2019-09-12 10:13:19-05
71,TURISTICA PERLA DEL CARIBE,LA PAZ,A11555,ALUMBRADO PUBLICO -/- LUMINARIA HORIZONTAL CERRADA CON FOTOCELDA SODIO  70 W,70,CALLE,984672.913964747,1724775.97141744,11.14951633502,-74.21782445767,SODIO,Sin Identificar...,2019-09-12 10:13:19-05
72,TURISTICA PERLA DEL CARIBE,LA PAZ,,ALUMBRADO PUBLICO -/- LUMINARIA HORIZONTAL CERRADA CON FOTOCELDA SODIO  70 W,70,CALLE,984498.691584199,1724731.32024494,11.14911192619,-74.21941923108,SODIO,Sin Identificar...,2019-09-12 10:13:19-05
73,TURISTICA PERLA DEL CARIBE,LA PAZ,A10598,ALUMBRADO PUBLICO -/- LUMINARIA HORIZONTAL CERRADA CON FOTOCELDA SODIO  70 W,70,CALLE,984493.891467328,1724772.7538584,11.14948647652,-74.2194633568,SODIO,Sin Identificar...,2019-09-12 10:13:19-05
74,TURISTICA PERLA DEL CARIBE,LA PAZ,A17002,ALUMBRADO PUBLICO -/- LUMINARIA HORIZONTAL CERRADA CON FOTOCELDA SODIO  70 W,70,CALLE,984487.099968888,1724800.54845909,11.14973771783,-74.21952565349,SODIO,Sin Identificar...,2019-09-12 10:13:19-05
75,TURISTICA PERLA DEL CARIBE,LA PAZ,A10590,ALUMBRADO PUBLICO -/- LUMINARIA HORIZONTAL CERRADA CON FOTOCELDA SODIO  70 W,70,CALLE,984485.666272967,1724826.75275634,11.14997460557,-74.21953889368,SODIO,Sin Identificar...,2019-09-12 10:13:19-05
76,TURISTICA PERLA DEL CARIBE,LA PAZ,A10599,ALUMBRADO PUBLICO -/- LUMINARIA HORIZONTAL CERRADA CON FOTOCELDA SODIO  70 W,70,CALLE,984479.764969615,1724843.57626843,11.1501266691,-74.21959299281,SODIO,Sin Identificar...,2019-09-12 10:13:19-05
77,TURISTICA PERLA DEL CARIBE,LA PAZ,A16995,ALUMBRADO PUBLICO -/- LUMINARIA HORIZONTAL CERRADA CON FOTOCELDA SODIO  70 W,70,CALLE,984495.614082086,1724883.28878558,11.15048574969,-74.2194480714,SODIO,Sin Identificar...,2019-09-12 10:13:19-05
78,TURISTICA PERLA DEL CARIBE,LA PAZ,,ALUMBRADO PUBLICO -/- LUMINARIA HORIZONTAL CERRADA CON FOTOCELDA SODIO  70 W,70,CALLE,984545.533916665,1724797.23396637,11.14970800664,-74.21899068813,SODIO,Sin Identificar...,2019-09-12 10:13:19-05
79,TURISTICA PERLA DEL CARIBE,LA PAZ,A12042,ALUMBRADO PUBLICO -/- LUMINARIA HORIZONTAL CERRADA SODIO  400 W,400,CALLE,984552.845805757,1724762.06768919,11.1493901255,-74.21892359563,SODIO,HORIZONTAL CERRADA,2019-09-12 10:13:19-05
80,TURISTICA PERLA DEL CARIBE,LA PAZ,,ALUMBRADO PUBLICO -/- LUMINARIA HORIZONTAL CERRADA CON FOTOCELDA SODIO  70 W,70,CALLE,985126.909693342,1725228.45641075,11.15360883744,-74.21367012585,SODIO,Sin Identificar...,2019-09-12 10:13:19-05
81,TURISTICA PERLA DEL CARIBE,LA PAZ,,ALUMBRADO PUBLICO -/- LUMINARIA HORIZONTAL CERRADA CON FOTOCELDA SODIO  70 W,70,CALLE,985132.789257132,1725261.25719593,11.15390538986,-74.21361643691,SODIO,Sin Identificar...,2019-09-12 10:13:19-05
82,TURISTICA PERLA DEL CARIBE,LA PAZ,,ALUMBRADO PUBLICO -/- REFLECTOR CIRCULAR AHORRADOR  50 W,50,RURAL SECUNDARIO,985082.601889533,1725328.84604712,11.15451620252,-74.21407618399,FLUORESCENTE,Sin Identificar...,2019-09-12 10:13:19-05
83,TURISTICA PERLA DEL CARIBE,LA PAZ,,ALUMBRADO PUBLICO -/- REFLECTOR CIRCULAR AHORRADOR  50 W,50,RURAL SECUNDARIO,985050.274675768,1725342.48109796,11.15463933216,-74.21437219562,FLUORESCENTE,Sin Identificar...,2019-09-12 10:13:19-05
84,TURISTICA PERLA DEL CARIBE,LA PAZ,,ALUMBRADO PUBLICO -/- REFLECTOR RECTANGULAR LED 50 W,50,CALLE,985193.344922838,1725054.09853378,11.15203287031,-74.21306118621,LED,REFLECTOR RECTANGULAR,2019-09-12 10:13:19-05
85,TURISTICA PERLA DEL CARIBE,LA PAZ,A9368,ALUMBRADO PUBLICO -/- LUMINARIA HORIZONTAL CERRADA CON FOTOCELDA SODIO  70 W,70,CALLE,985277.310955819,1725018.76226236,11.15165180623,-74.21223176619,SODIO,Sin Identificar...,2019-09-12 10:13:19-05
86,TURISTICA PERLA DEL CARIBE,LA PAZ,9366,ALUMBRADO PUBLICO -/- LUMINARIA HORIZONTAL CERRADA CON FOTOCELDA SODIO  70 W,70,CALLE,985316.312848444,1725008.14282027,11.15161792469,-74.21193523987,SODIO,Sin Identificar...,2019-09-12 10:13:19-05
87,TURISTICA PERLA DEL CARIBE,LA PAZ,9367,ALUMBRADO PUBLICO -/- LUMINARIA HORIZONTAL CERRADA CON FOTOCELDA SODIO  70 W,70,CALLE,985348.794298877,1724996.82002655,11.15151569664,-74.21163782988,SODIO,Sin Identificar...,2019-09-12 10:13:19-05
88,TURISTICA PERLA DEL CARIBE,LA PAZ,10017,ALUMBRADO PUBLICO -/- LUMINARIA HORIZONTAL CERRADA CON FOTOCELDA SODIO  70 W,70,CALLE,985626.695686403,1725253.20243602,11.15383459041,-74.20909472561,SODIO,Sin Identificar...,2019-09-12 10:13:19-05
89,TURISTICA PERLA DEL CARIBE,LA PAZ,,ALUMBRADO PUBLICO -/- REFLECTOR CIRCULAR AHORRADOR  50 W,50,CALLE,985686.686371542,1725262.00061972,11.15391436883,-74.20854555083,FLUORESCENTE,Sin Identificar...,2019-09-12 10:13:19-05
90,TURISTICA PERLA DEL CARIBE,LA PAZ,,ALUMBRADO PUBLICO -/- LUMINARIA HORIZONTAL CERRADA CON FOTOCELDA SODIO  70 W,70,CALLE,985544.992821512,1725286.2010786,11.15413257805,-74.20984284443,SODIO,Sin Identificar...,2019-09-12 10:13:19-05
91,TURISTICA PERLA DEL CARIBE,LA PAZ,,ALUMBRADO PUBLICO -/- REFLECTOR RECTANGULAR AHORRADOR 42 W ,50,CALLE,985543.685776358,1725116.05380804,11.15259439504,-74.20985411435,FLUORESCENTE,REFLECTOR RECTANGULAR,2019-09-12 10:13:19-05
92,TURISTICA PERLA DEL CARIBE,LA PAZ,,ALUMBRADO PUBLICO -/- REFLECTOR RECTANGULAR SODIO 250 W,250,CALLE,985570.138241949,1725341.10661887,11.15462904056,-74.20961286389,SODIO,REFLECTOR RECTANGULAR,2019-09-12 10:13:19-05
93,TURISTICA PERLA DEL CARIBE,LA PAZ,,ALUMBRADO PUBLICO -/- LUMINARIA HORIZONTAL CERRADA CON FOTOCELDA SODIO  70 W,70,CALLE,985568.419001836,1725459.63691808,11.15570057974,-74.20962908756,SODIO,Sin Identificar...,2019-09-12 10:13:19-05
94,TURISTICA PERLA DEL CARIBE,LA PAZ,,ALUMBRADO PUBLICO -/- LUMINARIA HORIZONTAL CERRADA CON FOTOCELDA SODIO  150 W,150,CALLE,985572.738244471,1725503.62007174,11.1560982168,-74.20958972455,SODIO,HORIZONTAL CERRADA,2019-09-12 10:13:19-05
95,TURISTICA PERLA DEL CARIBE,LA PAZ,,ALUMBRADO PUBLICO -/- REFLECTOR RECTANGULAR METAL HALIDE 250 W,250,RURAL SECUNDARIO,985652.685969829,1725566.42641002,11.15666632461,-74.20885805826,METAL HALIDE,REFLECTOR RECTANGULAR,2019-09-12 10:13:19-05
96,TURISTICA PERLA DEL CARIBE,LA PAZ,,ALUMBRADO PUBLICO -/- LUMINARIA HORIZONTAL CERRADA CON FOTOCELDA SODIO  70 W,70,CALLE,985513.630777826,1725391.79161937,11.15508701843,-74.21013039484,SODIO,Sin Identificar...,2019-09-12 10:13:19-05
97,TURISTICA PERLA DEL CARIBE,LA PAZ,,ALUMBRADO PUBLICO -/- LUMINARIA HORIZONTAL CERRADA CON FOTOCELDA SODIO  150 W,150,CALLE,985513.757991567,1725365.07409761,11.15484548529,-74.21012912067,SODIO,HORIZONTAL CERRADA,2019-09-12 10:13:19-05
98,TURISTICA PERLA DEL CARIBE,LA PAZ,,ALUMBRADO PUBLICO -/- LUMINARIA HORIZONTAL CERRADA CON FOTOCELDA SODIO  70 W,70,CALLE,985514.960318872,1725261.63558219,11.15391037784,-74.21011768941,SODIO,Sin Identificar...,2019-09-12 10:13:19-05
99,TURISTICA PERLA DEL CARIBE,LA PAZ,,ALUMBRADO PUBLICO -/- LUMINARIA HORIZONTAL CERRADA CON FOTOCELDA SODIO  70 W,70,CALLE,985501.456854509,1725217.88334353,11.15352443316,-74.21017340589,SODIO,Sin Identificar...,2019-09-12 10:13:19-05
100,TURISTICA PERLA DEL CARIBE,LA PAZ,,ALUMBRADO PUBLICO -/- REFLECTOR RECTANGULAR LED  100 W,100,CALLE,985499.577573913,1724912.36010705,11.15075978474,-74.21025724248,LED,REFLECTOR RECTANGULAR,2019-09-12 10:13:19-05
101,TURISTICA PERLA DEL CARIBE,LA PAZ,,ALUMBRADO PUBLICO -/- REFLECTOR RECTANGULAR SODIO 400 W,400,CALLE,985484.956520203,1724837.80239809,11.15007868843,-74.21039063156,SODIO,REFLECTOR RECTANGULAR,2019-09-12 10:13:19-05
102,TURISTICA PERLA DEL CARIBE,LA PAZ,,ALUMBRADO PUBLICO -/- LUMINARIA HORIZONTAL CERRADA CON FOTOCELDA SODIO  150 W,150,CALLE,985472.983769767,1724798.96011202,11.14972016283,-74.21049851102,SODIO,HORIZONTAL CERRADA,2019-09-12 10:13:19-05
103,TURISTICA PERLA DEL CARIBE,LA PAZ,A14166,ALUMBRADO PUBLICO -/- LUMINARIA HORIZONTAL CERRADA CON FOTOCELDA SODIO  70 W,70,CALLE,985460.965613211,1724764.67339534,11.14941748481,-74.21060996301,SODIO,Sin Identificar...,2019-09-12 10:13:19-05
104,TURISTICA PERLA DEL CARIBE,LA PAZ,,ALUMBRADO PUBLICO -/- REFLECTOR RECTANGULAR LED  250 W,250,CALLE,985419.081074661,1724645.70956269,11.14834184871,-74.21099291652,LED,REFLECTOR RECTANGULAR,2019-09-12 10:13:19-05
105,TURISTICA PERLA DEL CARIBE,LA PAZ,,ALUMBRADO PUBLICO -/- REFLECTOR RECTANGULAR LED  250 W,250,CALLE,985414.649188145,1724625.40497993,11.14815827164,-74.2110334056,LED,REFLECTOR RECTANGULAR,2019-09-12 10:13:19-05
106,TURISTICA PERLA DEL CARIBE,LA PAZ,,ALUMBRADO PUBLICO -/- REFLECTOR RECTANGULAR METAL HALIDE 250 W,250,CALLE,985391.606552664,1724541.5588641,11.14740018571,-74.21124400876,METAL HALIDE,REFLECTOR RECTANGULAR,2019-09-12 10:13:19-05
107,TURISTICA PERLA DEL CARIBE,LA PAZ,,ALUMBRADO PUBLICO -/- LUMINARIA HORIZONTAL CERRADA CON FOTOCELDA SODIO  250 W,250,CALLE,984493.861952321,1724270.73901717,11.14494812529,-74.21946142565,SODIO,HORIZONTAL CERRADA,2019-09-12 10:13:19-05
108,TURISTICA PERLA DEL CARIBE,LA PAZ,,ALUMBRADO PUBLICO -/- LUMINARIA HORIZONTAL CERRADA CON FOTOCELDA SODIO  150 W,150,CALLE,984411.895789827,1724317.93622587,11.14537444518,-74.22021200486,SODIO,HORIZONTAL CERRADA,2019-09-12 10:13:19-05
109,TURISTICA PERLA DEL CARIBE,LA PAZ,,ALUMBRADO PUBLICO -/- LUMINARIA VERTICAL ABIERTA SODIO  150 W,150,CALLE,984327.311762971,1724344.59625752,11.14561509001,-74.22098646092,SODIO,VERTICAL ABIERTA,2019-09-12 10:13:19-05
110,TURISTICA PERLA DEL CARIBE,LA PAZ,A12917,ALUMBRADO PUBLICO -/- LUMINARIA HORIZONTAL CERRADA CON FOTOCELDA SODIO  70 W,70,CALLE,984309.240203751,1724350.3813348,11.14566730956,-74.22115192568,SODIO,Sin Identificar...,2019-09-12 10:13:19-05
111,TURISTICA PERLA DEL CARIBE,LA PAZ,A12913,ALUMBRADO PUBLICO -/- LUMINARIA HORIZONTAL CERRADA CON FOTOCELDA SODIO  70 W,70,CALLE,984287.076691526,1724357.10157662,11.14572796521,-74.22135485513,SODIO,Sin Identificar...,2019-09-12 10:13:19-05
112,TURISTICA PERLA DEL CARIBE,LA PAZ,,ALUMBRADO PUBLICO -/- LUMINARIA HORIZONTAL CERRADA CON FOTOCELDA SODIO  70 W,70,CALLE,984266.637052992,1724362.86307912,11.14577996103,-74.2215419989,SODIO,Sin Identificar...,2019-09-12 10:13:19-05
113,TURISTICA PERLA DEL CARIBE,LA PAZ,,ALUMBRADO PUBLICO -/- LUMINARIA HORIZONTAL CERRADA CON FOTOCELDA SODIO  70 W,70,CALLE,984281.929835081,1724458.03218041,11.1466403828,-74.22140242149,SODIO,Sin Identificar...,2019-09-12 10:13:19-05
114,TURISTICA PERLA DEL CARIBE,LA PAZ,,ALUMBRADO PUBLICO -/- LUMINARIA HORIZONTAL CERRADA CON FOTOCELDA SODIO  70 W,70,CALLE,984291.332602391,1724457.52057326,11.14663579899,-74.22131633972,SODIO,Sin Identificar...,2019-09-12 10:13:19-05
115,TURISTICA PERLA DEL CARIBE,LA PAZ,,ALUMBRADO PUBLICO -/- LUMINARIA HORIZONTAL CERRADA CON FOTOCELDA SODIO  70 W,70,CALLE,984329.081180525,1724457.71238753,11.14663769843,-74.22097076373,SODIO,Sin Identificar...,2019-09-12 10:13:19-05
116,TURISTICA PERLA DEL CARIBE,LA PAZ,,ALUMBRADO PUBLICO -/- LUMINARIA HORIZONTAL CERRADA CON FOTOCELDA SODIO  70 W,70,CALLE,984347.422547869,1724457.49446435,11.14663580856,-74.22080285308,SODIO,Sin Identificar...,2019-09-12 10:13:19-05
117,TURISTICA PERLA DEL CARIBE,LA PAZ,,ALUMBRADO PUBLICO -/- LUMINARIA HORIZONTAL CERRADA CON FOTOCELDA SODIO  70 W,70,CALLE,984364.760274593,1724456.93997232,11.14663087154,-74.22064412897,SODIO,Sin Identificar...,2019-09-12 10:13:19-05
118,TURISTICA PERLA DEL CARIBE,LA PAZ,,ALUMBRADO PUBLICO -/- REFLECTOR RECTANGULAR SODIO 250 W,250,CALLE,984388.29410874,1724451.02804315,11.14657752876,-74.22042865772,SODIO,REFLECTOR RECTANGULAR,2019-09-12 10:13:19-05
119,TURISTICA PERLA DEL CARIBE,LA PAZ,,ALUMBRADO PUBLICO -/- LUMINARIA HORIZONTAL CERRADA CON FOTOCELDA SODIO  70 W,70,CALLE,984436.156849364,1724193.96436402,11.14425381109,-74.21998935761,SODIO,Sin Identificar...,2019-09-12 10:13:19-05
120,TURISTICA PERLA DEL CARIBE,LA PAZ,A13444,ALUMBRADO PUBLICO -/- LUMINARIA HORIZONTAL CERRADA CON FOTOCELDA SODIO  70 W,70,CALLE,984390.593087129,1724194.7964168,11.14429306102,-74.22041397484,SODIO,Sin Identificar...,2019-09-12 10:13:19-05
121,TURISTICA PERLA DEL CARIBE,LA PAZ,A8607,ALUMBRADO PUBLICO -/- LUMINARIA HORIZONTAL CERRADA CON FOTOCELDA SODIO  70 W,70,CALLE,984398.56809354,1724456.82951032,11.14663002038,-74.2203346281,SODIO,Sin Identificar...,2019-09-12 10:13:19-05
122,TURISTICA PERLA DEL CARIBE,LA PAZ,,ALUMBRADO PUBLICO -/- LUMINARIA HORIZONTAL CERRADA CON FOTOCELDA SODIO  70 W,70,CALLE,984365.802091543,1724206.56251338,11.14436739542,-74.22063348465,SODIO,Sin Identificar...,2019-09-12 10:13:19-05
123,TURISTICA PERLA DEL CARIBE,LA PAZ,,ALUMBRADO PUBLICO -/- LUMINARIA HORIZONTAL CERRADA CON FOTOCELDA SODIO  70 W,70,CALLE,984362.020087278,1724196.67135113,11.14431174133,-74.22067761252,SODIO,Sin Identificar...,2019-09-12 10:13:19-05
124,TURISTICA PERLA DEL CARIBE,LA PAZ,,ALUMBRADO PUBLICO -/- LUMINARIA HORIZONTAL CERRADA CON FOTOCELDA SODIO  70 W,70,CALLE,984341.486833514,1724208.12851401,11.14438144628,-74.22085608871,SODIO,Sin Identificar...,2019-09-12 10:13:19-05
125,TURISTICA PERLA DEL CARIBE,LA PAZ,A1579,ALUMBRADO PUBLICO -/- LUMINARIA HORIZONTAL CERRADA CON FOTOCELDA SODIO  70 W,70,CALLE,984435.045776483,1724457.71690248,11.14663820138,-74.22000068982,SODIO,Sin Identificar...,2019-09-12 10:13:19-05
126,TURISTICA PERLA DEL CARIBE,LA PAZ,A8606,ALUMBRADO PUBLICO -/- LUMINARIA HORIZONTAL CERRADA CON FOTOCELDA SODIO  70 W,70,CALLE,984450.355179845,1724456.79944808,11.14662997385,-74.21986053281,SODIO,Sin Identificar...,2019-09-12 10:13:19-05
127,TURISTICA PERLA DEL CARIBE,LA PAZ,,ALUMBRADO PUBLICO -/- LUMINARIA HORIZONTAL CERRADA CON FOTOCELDA SODIO  70 W,70,CALLE,984477.714528677,1724456.79301205,11.14663003436,-74.21961006619,SODIO,Sin Identificar...,2019-09-12 10:13:19-05
128,TURISTICA PERLA DEL CARIBE,LA PAZ,,ALUMBRADO PUBLICO -/- LUMINARIA HORIZONTAL CERRADA CON FOTOCELDA SODIO  70 W,70,CALLE,984335.545652621,1724198.60945159,11.14433463267,-74.22091513745,SODIO,Sin Identificar...,2019-09-12 10:13:19-05
129,TURISTICA PERLA DEL CARIBE,LA PAZ,B4130,ALUMBRADO PUBLICO -/- LUMINARIA HORIZONTAL CERRADA CON FOTOCELDA SODIO  70 W,70,CALLE,984310.687402279,1724198.96881531,11.14433547791,-74.22113680752,SODIO,Sin Identificar...,2019-09-12 10:13:19-05
130,TURISTICA PERLA DEL CARIBE,LA PAZ,,ALUMBRADO PUBLICO -/- LUMINARIA HORIZONTAL CERRADA CON FOTOCELDA SODIO  70 W,70,CALLE,984300.124824746,1724203.67623162,11.14434101537,-74.22123472274,SODIO,Sin Identificar...,2019-09-12 10:13:19-05
131,TURISTICA PERLA DEL CARIBE,LA PAZ,,ALUMBRADO PUBLICO -/- LUMINARIA HORIZONTAL CERRADA CON FOTOCELDA SODIO  70 W,70,CALLE,984517.826456911,1724457.85222558,11.14663978358,-74.21924285821,SODIO,Sin Identificar...,2019-09-12 10:13:19-05
132,TURISTICA PERLA DEL CARIBE,LA PAZ,,ALUMBRADO PUBLICO -/- LUMINARIA HORIZONTAL CERRADA CON FOTOCELDA SODIO  70 W,70,CALLE,984267.156379262,1724205.91138826,11.14438261614,-74.22152301413,SODIO,Sin Identificar...,2019-09-12 10:13:19-05
133,TURISTICA PERLA DEL CARIBE,LA PAZ,,ALUMBRADO PUBLICO -/- LUMINARIA HORIZONTAL CERRADA CON FOTOCELDA SODIO  70 W,70,CALLE,984246.078672418,1724220.74233106,11.14450996221,-74.22171547216,SODIO,Sin Identificar...,2019-09-12 10:13:19-05
134,TURISTICA PERLA DEL CARIBE,LA PAZ,,ALUMBRADO PUBLICO -/- LUMINARIA HORIZONTAL CERRADA CON FOTOCELDA SODIO  70 W,70,CALLE,984237.447162505,1724239.57684299,11.14466529144,-74.2218086733,SODIO,Sin Identificar...,2019-09-12 10:13:19-05
135,TURISTICA PERLA DEL CARIBE,LA PAZ,,ALUMBRADO PUBLICO -/- LUMINARIA HORIZONTAL CERRADA CON FOTOCELDA SODIO  70 W,70,CALLE,984215.246623057,1724257.84728065,11.14483036342,-74.2220119927,SODIO,Sin Identificar...,2019-09-12 10:13:19-05
136,TURISTICA PERLA DEL CARIBE,LA PAZ,,ALUMBRADO PUBLICO -/- LUMINARIA HORIZONTAL CERRADA CON FOTOCELDA SODIO  70 W,70,CALLE,984192.452982475,1724277.64816102,11.14500926826,-74.2222207488,SODIO,Sin Identificar...,2019-09-12 10:13:19-05
137,TURISTICA PERLA DEL CARIBE,LA PAZ,,ALUMBRADO PUBLICO -/- LUMINARIA HORIZONTAL CERRADA CON FOTOCELDA SODIO  70 W,70,CALLE,984395.283405088,1724142.9945164,11.14379285185,-74.22036331377,SODIO,Sin Identificar...,2019-09-12 10:13:19-05
138,TURISTICA PERLA DEL CARIBE,LA PAZ,,ALUMBRADO PUBLICO -/- LUMINARIA HORIZONTAL CERRADA CON FOTOCELDA SODIO  150 W,150,CALLE,984316.125694739,1724181.9008407,11.14414422997,-74.2210881442,SODIO,HORIZONTAL CERRADA,2019-09-12 10:13:19-05
139,TURISTICA PERLA DEL CARIBE,LA PAZ,A9123,ALUMBRADO PUBLICO -/- LUMINARIA HORIZONTAL CERRADA CON FOTOCELDA SODIO  70 W,70,CALLE,984306.162131869,1724171.0473865,11.14404606813,-74.22117930868,SODIO,Sin Identificar...,2019-09-12 10:13:19-05
140,TURISTICA PERLA DEL CARIBE,LA PAZ,A9122,ALUMBRADO PUBLICO -/- LUMINARIA HORIZONTAL CERRADA CON FOTOCELDA SODIO  70 W,70,CALLE,984308.154003097,1724152.05772807,11.14387440514,-74.22116098962,SODIO,Sin Identificar...,2019-09-12 10:13:19-05
141,TURISTICA PERLA DEL CARIBE,LA PAZ,,ALUMBRADO PUBLICO -/- LUMINARIA HORIZONTAL CERRADA CON FOTOCELDA SODIO  150 W,150,CALLE,985568.742526056,1725971.51453201,11.16032809289,-74.20962821686,SODIO,HORIZONTAL CERRADA,2019-09-12 10:13:19-05
142,TURISTICA PERLA DEL CARIBE,LA PAZ,A9092,ALUMBRADO PUBLICO -/- LUMINARIA HORIZONTAL CERRADA CON FOTOCELDA SODIO  70 W,70,CALLE,984279.913041275,1724153.72704887,11.14388937243,-74.22141953208,SODIO,Sin Identificar...,2019-09-12 10:13:19-05
143,TURISTICA PERLA DEL CARIBE,LA PAZ,A9152,ALUMBRADO PUBLICO -/- LUMINARIA HORIZONTAL CERRADA CON FOTOCELDA SODIO  70 W,70,CALLE,984250.185020434,1724167.608939,11.14401473793,-74.22169174239,SODIO,Sin Identificar...,2019-09-12 10:13:19-05
144,TURISTICA PERLA DEL CARIBE,LA PAZ,,ALUMBRADO PUBLICO -/- LUMINARIA HORIZONTAL CERRADA CON FOTOCELDA SODIO  70 W,70,CALLE,984216.718317237,1724182.35450574,11.14414789458,-74.221998183,SODIO,Sin Identificar...,2019-09-12 10:13:19-05
145,TURISTICA PERLA DEL CARIBE,LA PAZ,,ALUMBRADO PUBLICO -/- LUMINARIA HORIZONTAL CERRADA CON FOTOCELDA SODIO  70 W,70,CALLE,984203.775063658,1724196.41737295,11.14427496969,-74.22211673637,SODIO,Sin Identificar...,2019-09-12 10:13:19-05
146,TURISTICA PERLA DEL CARIBE,LA PAZ,,ALUMBRADO PUBLICO -/- REFLECTOR RECTANGULAR SODIO 70 W,70,CALLE,985509.052537983,1725159.33275266,11.15298550846,-74.21017135525,SODIO,REFLECTOR RECTANGULAR,2019-09-12 10:13:19-05
147,TURISTICA PERLA DEL CARIBE,LA PAZ,A12530,ALUMBRADO PUBLICO -/- LUMINARIA HORIZONTAL CERRADA CON FOTOCELDA SODIO  70 W,70,CALLE,984168.948692147,1724211.34183928,11.14440973719,-74.2224356255,SODIO,Sin Identificar...,2019-09-12 10:13:19-05
148,TURISTICA PERLA DEL CARIBE,LA PAZ,,ALUMBRADO PUBLICO -/- LUMINARIA HORIZONTAL CERRADA CON FOTOCELDA SODIO  70 W,70,CALLE,984299.211515506,1724140.44777987,11.14376940884,-74.22124280309,SODIO,Sin Identificar...,2019-09-12 10:13:19-05
149,TURISTICA PERLA DEL CARIBE,LA PAZ,,ALUMBRADO PUBLICO -/- LUMINARIA HORIZONTAL CERRADA CON FOTOCELDA SODIO  70 W,70,CALLE,984331.354254705,1724139.66113411,11.14376243809,-74.22094854541,SODIO,Sin Identificar...,2019-09-12 10:13:19-05
150,TURISTICA PERLA DEL CARIBE,LA PAZ,,ALUMBRADO PUBLICO -/- LUMINARIA HORIZONTAL CERRADA CON FOTOCELDA SODIO  70 W,70,CALLE,984081.414483481,1724009.9616029,11.14258881682,-74.22323606238,SODIO,Sin Identificar...,2019-09-12 10:13:19-05
151,TURISTICA PERLA DEL CARIBE,LA PAZ,A13468,ALUMBRADO PUBLICO -/- LUMINARIA HORIZONTAL CERRADA CON FOTOCELDA SODIO  70 W,70,CALLE,984044.712269656,1724020.98767421,11.14268833225,-74.22357210512,SODIO,Sin Identificar...,2019-09-12 10:13:19-05
152,TURISTICA PERLA DEL CARIBE,LA PAZ,,ALUMBRADO PUBLICO -/- LUMINARIA HORIZONTAL CERRADA CON FOTOCELDA SODIO  70 W,70,CALLE,984478.403478483,1724187.49545607,11.14419484505,-74.21942203053,SODIO,Sin Identificar...,2019-09-12 10:13:19-05
153,TURISTICA PERLA DEL CARIBE,LA PAZ,,ALUMBRADO PUBLICO -/- LUMINARIA HORIZONTAL CERRADA CON FOTOCELDA SODIO  70 W,70,CALLE,984483.852751048,1724215.98971209,11.14445313321,-74.21955281617,SODIO,Sin Identificar...,2019-09-12 10:13:19-05
154,TURISTICA PERLA DEL CARIBE,LA PAZ,A11608,ALUMBRADO PUBLICO -/- LUMINARIA HORIZONTAL CERRADA CON FOTOCELDA SODIO  70 W,70,CALLE,985215.862213917,1724507.03166411,11.14708732904,-74.21285275561,SODIO,Sin Identificar...,2019-09-12 10:13:19-05
155,TURISTICA PERLA DEL CARIBE,LA PAZ,A12547,ALUMBRADO PUBLICO -/- LUMINARIA HORIZONTAL CERRADA CON FOTOCELDA SODIO  70 W,70,CALLE,984823.058520089,1724924.18857696,11.15085689812,-74.21645055213,SODIO,Sin Identificar...,2019-09-12 10:13:19-05
156,TURISTICA PERLA DEL CARIBE,LA PAZ,,ALUMBRADO PUBLICO -/- LUMINARIA HORIZONTAL CERRADA CON FOTOCELDA SODIO  70 W,70,CALLE,984501.337837045,1724291.10382913,11.14513226113,-74.21939307581,SODIO,Sin Identificar...,2019-09-12 10:13:19-05
157,TURISTICA PERLA DEL CARIBE,LA PAZ,A13787,ALUMBRADO PUBLICO -/- LUMINARIA HORIZONTAL CERRADA CON FOTOCELDA SODIO  70 W,70,CALLE,984501.648655184,1724327.99848852,11.14568304901,-74.21930492691,SODIO,Sin Identificar...,2019-09-12 10:13:19-05
158,TURISTICA PERLA DEL CARIBE,LA PAZ,,ALUMBRADO PUBLICO -/- LUMINARIA HORIZONTAL CERRADA CON FOTOCELDA SODIO  70 W,70,CALLE,984910.496126206,1724923.52288439,11.15085124972,-74.21565007267,SODIO,Sin Identificar...,2019-09-12 10:13:19-05
159,TURISTICA PERLA DEL CARIBE,LA PAZ,,ALUMBRADO PUBLICO -/- LUMINARIA HORIZONTAL CERRADA CON FOTOCELDA SODIO  70 W,70,CALLE,984518.765634168,1724377.83242907,11.1459163868,-74.21923391003,SODIO,Sin Identificar...,2019-09-12 10:13:19-05
160,TURISTICA PERLA DEL CARIBE,LA PAZ,A12540,ALUMBRADO PUBLICO -/- LUMINARIA HORIZONTAL CERRADA CON FOTOCELDA SODIO  70 W,70,CALLE,984864.939538472,1724925.09833077,11.15086529986,-74.21606714233,SODIO,Sin Identificar...,2019-09-12 10:13:19-05
161,TURISTICA PERLA DEL CARIBE,LA PAZ,,ALUMBRADO PUBLICO REFLECTOR CIRCULAR METAL HALIDE 1000 W,1000,POLIDEPORTIVO,984556.255601888,1724485.88864638,11.14689340642,-74.21889117339,METAL HALIDE,REFLECTOR CIRCULAR,2019-09-12 10:13:19-05
162,TURISTICA PERLA DEL CARIBE,LA PAZ,A10697,ALUMBRADO PUBLICO -/- LUMINARIA HORIZONTAL CERRADA CON FOTOCELDA SODIO  70 W,70,CALLE,984872.085753045,1724852.17690782,11.15020610056,-74.21600140787,SODIO,Sin Identificar...,2019-09-12 10:13:19-05
163,TURISTICA PERLA DEL CARIBE,LA PAZ,,ALUMBRADO PUBLICO -/- REFLECTOR RECTANGULAR SODIO 250 W,250,CALLE,984600.878030015,1724765.64512718,11.14942267343,-74.21848388651,SODIO,REFLECTOR RECTANGULAR,2019-09-12 10:13:19-05
164,TURISTICA PERLA DEL CARIBE,LA PAZ,A12041,ALUMBRADO PUBLICO -/- LUMINARIA HORIZONTAL CERRADA CON FOTOCELDA SODIO  70 W,70,CALLE,984602.983444658,1724769.35967102,11.14946002729,-74.21845249877,SODIO,Sin Identificar...,2019-09-12 10:13:19-05
165,TURISTICA PERLA DEL CARIBE,LA PAZ,A14706,ALUMBRADO PUBLICO -/- LUMINARIA HORIZONTAL CERRADA CON FOTOCELDA SODIO  70 W,70,CALLE,984582.911888837,1724817.0296161,11.14988652175,-74.21864415188,SODIO,Sin Identificar...,2019-09-12 10:13:19-05
166,TURISTICA PERLA DEL CARIBE,LA PAZ,,ALUMBRADO PUBLICO -/- LUMINARIA HORIZONTAL CERRADA CON FOTOCELDA SODIO  150 W,150,CALLE,984563.383682639,1724845.75830617,11.15014675685,-74.21882748906,SODIO,HORIZONTAL CERRADA,2019-09-12 10:13:19-05
167,TURISTICA PERLA DEL CARIBE,LA PAZ,,ALUMBRADO PUBLICO -/- LUMINARIA HORIZONTAL CERRADA CON FOTOCELDA SODIO  70 W,70,CALLE,984526.535454636,1724854.71980931,11.15022761219,-74.21916486677,SODIO,Sin Identificar...,2019-09-12 10:13:19-05
168,TURISTICA PERLA DEL CARIBE,LA PAZ,A10595,ALUMBRADO PUBLICO -/- LUMINARIA HORIZONTAL CERRADA CON FOTOCELDA SODIO  70 W,70,CALLE,984511.01693304,1724865.06402014,11.15032105955,-74.21930698123,SODIO,Sin Identificar...,2019-09-12 10:13:19-05
169,TURISTICA PERLA DEL CARIBE,LA PAZ,A10561,ALUMBRADO PUBLICO -/- LUMINARIA HORIZONTAL CERRADA CON FOTOCELDA SODIO  70 W,70,CALLE,984859.69835591,1724786.79481064,11.14961497622,-74.21611453215,SODIO,Sin Identificar...,2019-09-12 10:13:19-05
170,TURISTICA PERLA DEL CARIBE,LA PAZ,A10562,ALUMBRADO PUBLICO -/- LUMINARIA HORIZONTAL CERRADA CON FOTOCELDA SODIO  70 W,70,CALLE,984855.023888078,1724753.14094107,11.14931071629,-74.21615718177,SODIO,Sin Identificar...,2019-09-12 10:13:19-05
171,TURISTICA PERLA DEL CARIBE,LA PAZ,A10592,ALUMBRADO PUBLICO -/- LUMINARIA HORIZONTAL CERRADA CON FOTOCELDA SODIO  70 W,70,CALLE,984518.117742648,1724815.47090183,11.14987275503,-74.21924175745,SODIO,Sin Identificar...,2019-09-12 10:13:19-05
172,TURISTICA PERLA DEL CARIBE,LA PAZ,A10593,ALUMBRADO PUBLICO -/- LUMINARIA HORIZONTAL CERRADA CON FOTOCELDA SODIO  70 W,70,CALLE,984524.381570369,1724780.65415473,11.14955802927,-74.21918426095,SODIO,Sin Identificar...,2019-09-12 10:13:19-05
173,TURISTICA PERLA DEL CARIBE,LA PAZ,,ALUMBRADO PUBLICO -/- LUMINARIA HORIZONTAL CERRADA CON FOTOCELDA SODIO  70 W,70,CALLE,984784.283699207,1724925.14514046,11.15086538111,-74.21680553322,SODIO,Sin Identificar...,2019-09-12 10:13:19-05
174,TURISTICA PERLA DEL CARIBE,LA PAZ,A12294,ALUMBRADO PUBLICO -/- LUMINARIA HORIZONTAL CERRADA CON FOTOCELDA SODIO  70 W,70,CALLE,984925.824232923,1724785.25613641,11.14960134522,-74.21550915684,SODIO,Sin Identificar...,2019-09-12 10:13:19-05
175,TURISTICA PERLA DEL CARIBE,LA PAZ,,ALUMBRADO PUBLICO -/- LUMINARIA HORIZONTAL CERRADA CON FOTOCELDA SODIO  70 W,70,CALLE,984520.92085163,1724697.7378548,11.14880842843,-74.21921558008,SODIO,Sin Identificar...,2019-09-12 10:13:19-05
176,TURISTICA PERLA DEL CARIBE,LA PAZ,A12252,ALUMBRADO PUBLICO -/- LUMINARIA HORIZONTAL CERRADA CON FOTOCELDA SODIO  70 W,70,CALLE,984926.611183219,1724742.45781233,11.14921444,-74.21550177,SODIO,Sin Identificar...,2019-09-12 10:13:19-05
177,TURISTICA PERLA DEL CARIBE,LA PAZ,,ALUMBRADO PUBLICO -/- LUMINARIA HORIZONTAL CERRADA CON FOTOCELDA SODIO  70 W,70,CALLE,984522.045604371,1724664.32033682,11.14850632984,-74.21920513694,SODIO,Sin Identificar...,2019-09-12 10:13:19-05
178,TURISTICA PERLA DEL CARIBE,LA PAZ,A12262,ALUMBRADO PUBLICO -/- LUMINARIA HORIZONTAL CERRADA CON FOTOCELDA SODIO  70 W,70,CALLE,984960.118842567,1724739.27213591,11.14918578153,-74.21519500116,SODIO,Sin Identificar...,2019-09-12 10:13:19-05
179,TURISTICA PERLA DEL CARIBE,LA PAZ,A12764,ALUMBRADO PUBLICO -/- LUMINARIA HORIZONTAL CERRADA CON FOTOCELDA SODIO  70 W,70,CALLE,984992.635361968,1724738.23167878,11.14917651196,-74.21489731515,SODIO,Sin Identificar...,2019-09-12 10:13:19-05
180,TURISTICA PERLA DEL CARIBE,LA PAZ,A12768,ALUMBRADO PUBLICO -/- LUMINARIA HORIZONTAL CERRADA CON FOTOCELDA SODIO  70 W,70,CALLE,985021.719389707,1724735.72278421,11.14915395266,-74.21463104664,SODIO,Sin Identificar...,2019-09-12 10:13:19-05
181,TURISTICA PERLA DEL CARIBE,LA PAZ,,ALUMBRADO PUBLICO -/- LUMINARIA HORIZONTAL CERRADA CON FOTOCELDA SODIO  70 W,70,CALLE,984580.173768855,1724705.42674863,11.1488781938,-74.21867316696,SODIO,Sin Identificar...,2019-09-12 10:13:19-05
182,TURISTICA PERLA DEL CARIBE,LA PAZ,,ALUMBRADO PUBLICO -/- LUMINARIA HORIZONTAL CERRADA CON FOTOCELDA SODIO  70 W,70,CALLE,984582.73170648,1724668.26355175,11.1485422394,-74.21864958758,SODIO,Sin Identificar...,2019-09-12 10:13:19-05
183,TURISTICA PERLA DEL CARIBE,LA PAZ,A12535,ALUMBRADO PUBLICO -/- LUMINARIA HORIZONTAL CERRADA CON FOTOCELDA SODIO  70 W,70,CALLE,984711.99489343,1724720.47285512,11.14901478,-74.21746644,SODIO,Sin Identificar...,2019-09-12 10:13:19-05
184,TURISTICA PERLA DEL CARIBE,LA PAZ,A12536,ALUMBRADO PUBLICO -/- LUMINARIA HORIZONTAL CERRADA CON FOTOCELDA SODIO  70 W,70,CALLE,984752.022195461,1724702.14108801,11.14884922652,-74.21709992003,SODIO,Sin Identificar...,2019-09-12 10:13:19-05
185,TURISTICA PERLA DEL CARIBE,LA PAZ,A12539,ALUMBRADO PUBLICO -/- LUMINARIA HORIZONTAL CERRADA CON FOTOCELDA SODIO  70 W,70,CALLE,984786.065535415,1724690.91807049,11.1487479122,-74.21678821282,SODIO,Sin Identificar...,2019-09-12 10:13:19-05
186,TURISTICA PERLA DEL CARIBE,LA PAZ,A12538,ALUMBRADO PUBLICO -/- LUMINARIA HORIZONTAL CERRADA CON FOTOCELDA SODIO  70 W,70,CALLE,984814.854575424,1724680.22064522,11.14865132677,-74.21652460995,SODIO,Sin Identificar...,2019-09-12 10:13:19-05
187,TURISTICA PERLA DEL CARIBE,LA PAZ,A12537,ALUMBRADO PUBLICO -/- LUMINARIA HORIZONTAL CERRADA CON FOTOCELDA SODIO  70 W,70,CALLE,984839.754411814,1724670.07644876,11.14855972598,-74.21629661435,SODIO,Sin Identificar...,2019-09-12 10:13:19-05
188,TURISTICA PERLA DEL CARIBE,LA PAZ,,ALUMBRADO PUBLICO -/- LUMINARIA HORIZONTAL CERRADA CON FOTOCELDA LED  55W,55,CALLE,984583.942612749,1724619.64106863,11.14810268412,-74.21863829003,LED,HORIZONTAL CERRADA,2019-09-12 10:13:19-05
189,TURISTICA PERLA DEL CARIBE,LA PAZ,,ALUMBRADO PUBLICO -/- LUMINARIA HORIZONTAL CERRADA CON FOTOCELDA SODIO  70 W,70,CALLE,984870.404639393,1724658.24171851,11.14845286643,-74.21601596822,SODIO,Sin Identificar...,2019-09-12 10:13:19-05
190,TURISTICA PERLA DEL CARIBE,LA PAZ,F00285,ALUMBRADO PUBLICO -/- REFLECTOR CIRCULAR SODIO 400 W,400,CALLE,984591.459691135,1724598.16135073,11.14790853397,-74.21856937949,SODIO,REFLECTOR CIRCULAR,2019-09-12 10:13:19-05
191,TURISTICA PERLA DEL CARIBE,LA PAZ,,ALUMBRADO PUBLICO -/- LUMINARIA HORIZONTAL CERRADA CON FOTOCELDA SODIO  70 W,70,CALLE,984902.068244055,1724647.01950096,11.14835154817,-74.21572604769,SODIO,Sin Identificar...,2019-09-12 10:13:19-05
192,TURISTICA PERLA DEL CARIBE,LA PAZ,A9387,ALUMBRADO PUBLICO -/- LUMINARIA HORIZONTAL CERRADA CON FOTOCELDA SODIO  70 W,70,POLIDEPORTIVO,984564.34783867,1724508.15617817,11.14709474588,-74.21881718853,SODIO,Sin Identificar...,2019-09-12 10:13:19-05
193,TURISTICA PERLA DEL CARIBE,LA PAZ,,ALUMBRADO PUBLICO -/- LUMINARIA HORIZONTAL CERRADA CON FOTOCELDA SODIO  70 W,70,CALLE,984546.929780803,1724464.19437632,11.14669724406,-74.21897645375,SODIO,Sin Identificar...,2019-09-12 10:13:19-05
194,TURISTICA PERLA DEL CARIBE,LA PAZ,,ALUMBRADO PUBLICO -/- LUMINARIA HORIZONTAL CERRADA CON FOTOCELDA SODIO  70 W,70,CALLE,984534.980505912,1724429.57194896,11.14638419627,-74.21908569438,SODIO,Sin Identificar...,2019-09-12 10:13:19-05
195,TURISTICA PERLA DEL CARIBE,LA PAZ,,ALUMBRADO PUBLICO -/- LUMINARIA HORIZONTAL CERRADA CON FOTOCELDA SODIO  70 W,70,CALLE,984524.993689333,1724399.43679953,11.1461117184,-74.21917696769,SODIO,Sin Identificar...,2019-09-12 10:13:19-05
196,TURISTICA PERLA DEL CARIBE,LA PAZ,,ALUMBRADO PUBLICO -/- LUMINARIA HORIZONTAL CERRADA CON FOTOCELDA SODIO  70 W,70,CALLE,984928.919455137,1724637.22314245,11.14826309953,-74.2154801897,SODIO,Sin Identificar...,2019-09-12 10:13:19-05
197,TURISTICA PERLA DEL CARIBE,LA PAZ,,ALUMBRADO PUBLICO -/- LUMINARIA HORIZONTAL CERRADA CON FOTOCELDA SODIO  70 W,70,CALLE,984963.918310415,1724621.11951263,11.14811766545,-74.2151597154,SODIO,Sin Identificar...,2019-09-12 10:13:19-05
198,TURISTICA PERLA DEL CARIBE,LA PAZ,A10563,ALUMBRADO PUBLICO -/- LUMINARIA HORIZONTAL CERRADA CON FOTOCELDA SODIO  70 W,70,CALLE,984834.134562756,1724540.9497702,11.14738876421,-74.21634615242,SODIO,Sin Identificar...,2019-09-12 10:13:19-05
199,TURISTICA PERLA DEL CARIBE,LA PAZ,A12261,ALUMBRADO PUBLICO -/- LUMINARIA HORIZONTAL CERRADA CON FOTOCELDA SODIO  70 W,70,CALLE,985012.39692953,1724600.37098715,11.14793029634,-74.21471581796,SODIO,Sin Identificar...,2019-09-12 10:13:19-05
200,TURISTICA PERLA DEL CARIBE,LA PAZ,A12727,ALUMBRADO PUBLICO -/- LUMINARIA HORIZONTAL CERRADA CON FOTOCELDA SODIO  70 W,70,CALLE,985066.165481075,1724579.36448604,11.14774061646,-74.21422349206,SODIO,Sin Identificar...,2019-09-12 10:13:19-05
201,TURISTICA PERLA DEL CARIBE,LA PAZ,,ALUMBRADO PUBLICO -/- LUMINARIA HORIZONTAL CERRADA CON FOTOCELDA SODIO  70 W,70,CALLE,984406.550724954,1724207.38388788,11.1443749985,-74.22026044971,SODIO,Sin Identificar...,2019-09-12 10:13:19-05
202,TURISTICA PERLA DEL CARIBE,LA PAZ,A12815,ALUMBRADO PUBLICO -/- LUMINARIA HORIZONTAL CERRADA CON FOTOCELDA SODIO  70 W,70,CALLE,984407.257788371,1724230.01408906,11.1445795848,-74.22025407657,SODIO,Sin Identificar...,2019-09-12 10:13:19-05
203,TURISTICA PERLA DEL CARIBE,LA PAZ,,ALUMBRADO PUBLICO -/- LUMINARIA HORIZONTAL CERRADA CON FOTOCELDA SODIO  70 W,70,CALLE,984407.971348791,1724255.60571208,11.14481094319,-74.220247657,SODIO,Sin Identificar...,2019-09-12 10:13:19-05
204,TURISTICA PERLA DEL CARIBE,LA PAZ,A14481,ALUMBRADO PUBLICO -/- LUMINARIA HORIZONTAL CERRADA CON FOTOCELDA SODIO  70 W,70,CALLE,984399.301834495,1724357.58467326,11.14573282315,-74.22032747312,SODIO,Sin Identificar...,2019-09-12 10:13:19-05
205,TURISTICA PERLA DEL CARIBE,LA PAZ,A14478,ALUMBRADO PUBLICO -/- LUMINARIA HORIZONTAL CERRADA CON FOTOCELDA SODIO  70 W,70,CALLE,984407.082968898,1724383.30703322,11.1459653942,-74.22025635281,SODIO,Sin Identificar...,2019-09-12 10:13:19-05
206,TURISTICA PERLA DEL CARIBE,LA PAZ,,ALUMBRADO PUBLICO -/- LUMINARIA HORIZONTAL CERRADA CON FOTOCELDA SODIO  70 W,70,CALLE,984401.065283572,1724417.60706181,11.14627544962,-74.22031159407,SODIO,Sin Identificar...,2019-09-12 10:13:19-05
207,TURISTICA PERLA DEL CARIBE,LA PAZ,,ALUMBRADO PUBLICO -/- LUMINARIA HORIZONTAL CERRADA CON FOTOCELDA SODIO  70 W,70,CALLE,984682.48240423,1724631.44813382,11.14820984611,-74.21773623449,SODIO,Sin Identificar...,2019-09-12 10:13:19-05
208,TURISTICA PERLA DEL CARIBE,LA PAZ,B0417,ALUMBRADO PUBLICO -/- LUMINARIA HORIZONTAL CERRADA CON FOTOCELDA SODIO  150 W,150,CALLE,984725.966451475,1724627.58737012,11.14817512951,-74.21733813228,SODIO,HORIZONTAL CERRADA,2019-09-12 10:13:19-05
209,TURISTICA PERLA DEL CARIBE,LA PAZ,B0367,ALUMBRADO PUBLICO -/- LUMINARIA HORIZONTAL CERRADA CON FOTOCELDA SODIO  150 W,150,CALLE,984785.720434044,1724621.40325964,11.14811947786,-74.21679107302,SODIO,HORIZONTAL CERRADA,2019-09-12 10:13:19-05
210,TURISTICA PERLA DEL CARIBE,LA PAZ,A11440,ALUMBRADO PUBLICO -/- LUMINARIA HORIZONTAL CERRADA CON FOTOCELDA SODIO  70 W,70,CALLE,985094.129555323,1724569.88843122,11.14765506684,-74.21396744841,SODIO,Sin Identificar...,2019-09-12 10:13:19-05
211,TURISTICA PERLA DEL CARIBE,LA PAZ,A11441,ALUMBRADO PUBLICO -/- LUMINARIA HORIZONTAL CERRADA CON FOTOCELDA SODIO  70 W,70,CALLE,985134.741788996,1724556.09058202,11.14753049932,-74.21359559625,SODIO,Sin Identificar...,2019-09-12 10:13:19-05
212,TURISTICA PERLA DEL CARIBE,LA PAZ,,ALUMBRADO PUBLICO -/- LUMINARIA HORIZONTAL CERRADA CON FOTOCELDA SODIO  150 W,150,CALLE,984869.348228941,1724600.81319552,11.14793369241,-74.21602539365,SODIO,HORIZONTAL CERRADA,2019-09-12 10:13:19-05
213,TURISTICA PERLA DEL CARIBE,LA PAZ,A11622,ALUMBRADO PUBLICO -/- LUMINARIA HORIZONTAL CERRADA CON FOTOCELDA SODIO  70 W,70,CALLE,985197.911515,1724532.70286974,11.14731932965,-74.21301719661,SODIO,Sin Identificar...,2019-09-12 10:13:19-05
214,TURISTICA PERLA DEL CARIBE,LA PAZ,A11620,ALUMBRADO PUBLICO -/- LUMINARIA HORIZONTAL CERRADA CON FOTOCELDA SODIO  70 W,70,CALLE,985231.413688504,1724518.99325862,11.14719552932,-74.21271043624,SODIO,Sin Identificar...,2019-09-12 10:13:19-05
215,TURISTICA PERLA DEL CARIBE,LA PAZ,A11615,ALUMBRADO PUBLICO -/- LUMINARIA HORIZONTAL CERRADA CON FOTOCELDA SODIO  70 W,70,CALLE,985260.11619373,1724510.23706407,11.14711648917,-74.21244763637,SODIO,Sin Identificar...,2019-09-12 10:13:19-05
216,TURISTICA PERLA DEL CARIBE,LA PAZ,A12241,ALUMBRADO PUBLICO -/- LUMINARIA HORIZONTAL CERRADA CON FOTOCELDA SODIO  70 W,70,CALLE,984896.465643716,1724585.24124067,11.14779303216,-74.21577707423,SODIO,Sin Identificar...,2019-09-12 10:13:19-05
217,TURISTICA PERLA DEL CARIBE,LA PAZ,A12752,ALUMBRADO PUBLICO -/- LUMINARIA HORIZONTAL CERRADA CON FOTOCELDA SODIO  70 W,70,CALLE,984929.966277054,1724565.89621099,11.14761828894,-74.21547030231,SODIO,Sin Identificar...,2019-09-12 10:13:19-05
218,TURISTICA PERLA DEL CARIBE,LA PAZ,A12893,ALUMBRADO PUBLICO -/- LUMINARIA HORIZONTAL CERRADA CON FOTOCELDA SODIO  70 W,70,CALLE,984411.670543284,1724503.0354935,11.1470505073,-74.22021779092,SODIO,Sin Identificar...,2019-09-12 10:13:19-05
219,TURISTICA PERLA DEL CARIBE,LA PAZ,,ALUMBRADO PUBLICO -/- LUMINARIA HORIZONTAL CERRADA CON FOTOCELDA SODIO  70 W,70,CALLE,984962.418305901,1724545.26953032,11.14743195452,-74.21517312499,SODIO,Sin Identificar...,2019-09-12 10:13:19-05
220,TURISTICA PERLA DEL CARIBE,LA PAZ,A11625,ALUMBRADO PUBLICO -/- LUMINARIA HORIZONTAL CERRADA CON FOTOCELDA SODIO  70 W,70,CALLE,985296.663635375,1724500.81031835,11.14703141904,-74.2121130157,SODIO,Sin Identificar...,2019-09-12 10:13:19-05
221,TURISTICA PERLA DEL CARIBE,LA PAZ,A11618,ALUMBRADO PUBLICO -/- LUMINARIA HORIZONTAL CERRADA CON FOTOCELDA SODIO  70 W,70,CALLE,985293.335659247,1724537.43501775,11.14736250275,-74.21214363469,SODIO,Sin Identificar...,2019-09-12 10:13:19-05
222,TURISTICA PERLA DEL CARIBE,LA PAZ,A12751,ALUMBRADO PUBLICO -/- LUMINARIA HORIZONTAL CERRADA CON FOTOCELDA SODIO  70 W,70,CALLE,984996.440824264,1724521.77573325,11.14721970686,-74.21486155849,SODIO,Sin Identificar...,2019-09-12 10:13:19-05
223,TURISTICA PERLA DEL CARIBE,LA PAZ,B3208,ALUMBRADO PUBLICO -/- LUMINARIA HORIZONTAL CERRADA CON FOTOCELDA SODIO  150 W,150,CALLE,984411.393335942,1724530.29755002,11.14729424734,-74.22021754074,SODIO,HORIZONTAL CERRADA,2019-09-12 10:13:19-05
224,TURISTICA PERLA DEL CARIBE,LA PAZ,,ALUMBRADO PUBLICO -/- LUMINARIA HORIZONTAL CERRADA CON FOTOCELDA SODIO  70 W,70,CALLE,984411.69313668,1724555.27321401,11.14752003545,-74.22021490625,SODIO,Sin Identificar...,2019-09-12 10:13:19-05
225,TURISTICA PERLA DEL CARIBE,LA PAZ,A9305,ALUMBRADO PUBLICO -/- LUMINARIA HORIZONTAL CERRADA CON FOTOCELDA SODIO  70 W,70,CALLE,985048.984289043,1724475.31058023,11.14679986887,-74.21438034138,SODIO,Sin Identificar...,2019-09-12 10:13:19-05
226,TURISTICA PERLA DEL CARIBE,LA PAZ,A12892,ALUMBRADO PUBLICO -/- LUMINARIA HORIZONTAL CERRADA CON FOTOCELDA SODIO  70 W,70,CALLE,984402.892740352,1724582.50121403,11.14776614566,-74.22029559157,SODIO,Sin Identificar...,2019-09-12 10:13:19-05
227,TURISTICA PERLA DEL CARIBE,LA PAZ,A11435,ALUMBRADO PUBLICO -/- LUMINARIA HORIZONTAL CERRADA CON FOTOCELDA SODIO  70 W,70,CALLE,985091.551091671,1724462.56242458,11.1466847995,-74.21399060107,SODIO,Sin Identificar...,2019-09-12 10:13:19-05
228,TURISTICA PERLA DEL CARIBE,LA PAZ,A8921,ALUMBRADO PUBLICO -/- LUMINARIA HORIZONTAL CERRADA CON FOTOCELDA SODIO  70 W,70,CALLE,985117.29701127,1724454.82965229,11.1466150002,-74.21375487229,SODIO,Sin Identificar...,2019-09-12 10:13:19-05
229,TURISTICA PERLA DEL CARIBE,LA PAZ,A2272,ALUMBRADO PUBLICO -/- LUMINARIA HORIZONTAL CERRADA CON FOTOCELDA SODIO  70 W,70,CALLE,984411.196503587,1724598.71080464,11.14791272093,-74.22021964429,SODIO,Sin Identificar...,2019-09-12 10:13:19-05
230,TURISTICA PERLA DEL CARIBE,LA PAZ,A12278,ALUMBRADO PUBLICO -/- LUMINARIA HORIZONTAL CERRADA CON FOTOCELDA SODIO  70 W,70,CALLE,984401.228102553,1724608.02849465,11.14799691197,-74.2203109435,SODIO,Sin Identificar...,2019-09-12 10:13:19-05
231,TURISTICA PERLA DEL CARIBE,LA PAZ,A8891,ALUMBRADO PUBLICO -/- LUMINARIA HORIZONTAL CERRADA CON FOTOCELDA SODIO  70 W,70,CALLE,985153.115012723,1724446.83747255,11.14654289737,-74.21342693566,SODIO,Sin Identificar...,2019-09-12 10:13:19-05
232,TURISTICA PERLA DEL CARIBE,LA PAZ,A12271,ALUMBRADO PUBLICO -/- LUMINARIA HORIZONTAL CERRADA CON FOTOCELDA SODIO  70 W,70,CALLE,984364.90663801,1724604.43906997,11.14796430418,-74.22064344123,SODIO,Sin Identificar...,2019-09-12 10:13:19-05
233,TURISTICA PERLA DEL CARIBE,LA PAZ,A11612,ALUMBRADO PUBLICO -/- LUMINARIA HORIZONTAL CERRADA CON FOTOCELDA SODIO  70 W,70,CALLE,985159.52084167,1724526.89180534,11.14726663713,-74.21336862819,SODIO,Sin Identificar...,2019-09-12 10:13:19-05
234,TURISTICA PERLA DEL CARIBE,LA PAZ,A12305,ALUMBRADO PUBLICO -/- LUMINARIA HORIZONTAL CERRADA CON FOTOCELDA SODIO  70 W,70,CALLE,984342.029880456,1724602.76453791,11.14794906599,-74.22085286458,SODIO,Sin Identificar...,2019-09-12 10:13:19-05
235,TURISTICA PERLA DEL CARIBE,LA PAZ,,ALUMBRADO PUBLICO -/- LUMINARIA HORIZONTAL CERRADA CON FOTOCELDA SODIO  70 W,70,CALLE,985150.980955688,1724482.92149471,11.14705944473,-74.21340031953,SODIO,Sin Identificar...,2019-09-12 10:13:19-05
236,TURISTICA PERLA DEL CARIBE,LA PAZ,A12311,ALUMBRADO PUBLICO -/- LUMINARIA HORIZONTAL CERRADA CON FOTOCELDA SODIO  70 W,70,CALLE,984324.742601401,1724598.36499511,11.14790921729,-74.22101110561,SODIO,Sin Identificar...,2019-09-12 10:13:19-05
237,TURISTICA PERLA DEL CARIBE,LA PAZ,,ALUMBRADO PUBLICO -/- LUMINARIA HORIZONTAL CERRADA CON FOTOCELDA SODIO  70 W,70,CALLE,985177.988970716,1724393.98445888,11.14602897695,-74.21313011774,SODIO,Sin Identificar...,2019-09-12 10:13:19-05
238,TURISTICA PERLA DEL CARIBE,LA PAZ,A13532,ALUMBRADO PUBLICO -/- LUMINARIA HORIZONTAL CERRADA CON FOTOCELDA SODIO  70 W,70,CALLE,984715.410665294,1724592.46575347,11.14785757546,-74.21743461602,SODIO,Sin Identificar...,2019-09-12 10:13:19-05
239,TURISTICA PERLA DEL CARIBE,LA PAZ,A8936,ALUMBRADO PUBLICO -/- LUMINARIA HORIZONTAL CERRADA CON FOTOCELDA SODIO  70 W,70,CALLE,985140.828354169,1724443.99535007,11.14651715284,-74.21353940437,SODIO,Sin Identificar...,2019-09-12 10:13:19-05
240,TURISTICA PERLA DEL CARIBE,LA PAZ,A9648,ALUMBRADO PUBLICO -/- LUMINARIA HORIZONTAL CERRADA CON FOTOCELDA SODIO  70 W,70,CALLE,984713.497512786,1724568.38843333,11.14763990174,-74.21745202634,SODIO,Sin Identificar...,2019-09-12 10:13:19-05
241,TURISTICA PERLA DEL CARIBE,LA PAZ,A9677,ALUMBRADO PUBLICO -/- LUMINARIA HORIZONTAL CERRADA CON FOTOCELDA SODIO  70 W,70,CALLE,984710.941019118,1724538.12501055,11.14736630121,-74.2174752995,SODIO,Sin Identificar...,2019-09-12 10:13:19-05
242,TURISTICA PERLA DEL CARIBE,LA PAZ,A11611,ALUMBRADO PUBLICO -/- LUMINARIA HORIZONTAL CERRADA CON FOTOCELDA SODIO  70 W,70,CALLE,985053.870891421,1724503.81561283,11.1470575826,-74.21433572645,SODIO,Sin Identificar...,2019-09-12 10:13:19-05
243,TURISTICA PERLA DEL CARIBE,LA PAZ,A2259,ALUMBRADO PUBLICO -/- LUMINARIA HORIZONTAL CERRADA CON FOTOCELDA SODIO  70 W,70,CALLE,985135.696719675,1724320.66012237,11.14540214707,-74.21358586455,SODIO,Sin Identificar...,2019-09-12 10:13:19-05
244,TURISTICA PERLA DEL CARIBE,LA PAZ,A11438,ALUMBRADO PUBLICO -/- LUMINARIA HORIZONTAL CERRADA CON FOTOCELDA SODIO  70 W,70,CALLE,985060.041573204,1724541.46295309,11.14739795065,-74.21427939468,SODIO,Sin Identificar...,2019-09-12 10:13:19-05
245,TURISTICA PERLA DEL CARIBE,LA PAZ,A16446,ALUMBRADO PUBLICO -/- LUMINARIA HORIZONTAL CERRADA CON FOTOCELDA SODIO  70 W,70,CALLE,985103.365705179,1724329.0869933,11.14547819398,-74.21388187957,SODIO,Sin Identificar...,2019-09-12 10:13:19-05
246,TURISTICA PERLA DEL CARIBE,LA PAZ,A11627,ALUMBRADO PUBLICO -/- LUMINARIA HORIZONTAL CERRADA CON FOTOCELDA SODIO  70 W,70,CALLE,984833.680370907,1724572.90963274,11.14768128567,-74.21635180396,SODIO,Sin Identificar...,2019-09-12 10:13:19-05
247,TURISTICA PERLA DEL CARIBE,LA PAZ,A11439,ALUMBRADO PUBLICO -/- LUMINARIA HORIZONTAL CERRADA CON FOTOCELDA SODIO  70 W,70,CALLE,985177.923835664,1724660.60736784,11.14847553878,-74.21320071443,SODIO,Sin Identificar...,2019-09-12 10:13:19-05
248,TURISTICA PERLA DEL CARIBE,LA PAZ,B0414,ALUMBRADO PUBLICO -/- LUMINARIA HORIZONTAL CERRADA CON FOTOCELDA SODIO  150 W,150,CALLE,984833.788114459,1724615.61558735,11.14806735964,-74.21635100077,SODIO,HORIZONTAL CERRADA,2019-09-12 10:13:19-05
249,TURISTICA PERLA DEL CARIBE,LA PAZ,,ALUMBRADO PUBLICO -/- REFLECTOR RECTANGULAR HALOGENO 150 W,150,CALLE,984835.765666565,1724640.52382121,11.14829254526,-74.21633300361,TUGSTENO HALOGENO,REFLECTOR RECTANGULAR,2019-09-12 10:13:19-05
250,TURISTICA PERLA DEL CARIBE,LA PAZ,A11609,ALUMBRADO PUBLICO -/- LUMINARIA HORIZONTAL CERRADA CON FOTOCELDA SODIO  70 W,70,CALLE,985180.207579371,1724635.8502365,11.14825173697,-74.21317970354,SODIO,Sin Identificar...,2019-09-12 10:13:19-05
251,TURISTICA PERLA DEL CARIBE,LA PAZ,A11437,ALUMBRADO PUBLICO -/- LUMINARIA HORIZONTAL CERRADA CON FOTOCELDA SODIO  70 W,70,CALLE,985172.971018027,1724596.70635375,11.14789783556,-74.21324578832,SODIO,Sin Identificar...,2019-09-12 10:13:19-05
252,TURISTICA PERLA DEL CARIBE,LA PAZ,A13536,ALUMBRADO PUBLICO -/- LUMINARIA HORIZONTAL CERRADA CON FOTOCELDA SODIO  70 W,70,CALLE,984725.062545124,1724557.42755428,11.14754086175,-74.21734610423,SODIO,Sin Identificar...,2019-09-12 10:13:19-05
253,TURISTICA PERLA DEL CARIBE,LA PAZ,A13608,ALUMBRADO PUBLICO -/- LUMINARIA HORIZONTAL CERRADA CON FOTOCELDA SODIO  70 W,70,CALLE,984762.250728563,1724553.3867724,11.14750449042,-74.21700563911,SODIO,Sin Identificar...,2019-09-12 10:13:19-05
254,TURISTICA PERLA DEL CARIBE,LA PAZ,A11630,ALUMBRADO PUBLICO -/- LUMINARIA HORIZONTAL CERRADA CON FOTOCELDA SODIO  70 W,70,CALLE,984871.836290715,1724540.35674833,11.14738647698,-74.21600176578,SODIO,Sin Identificar...,2019-09-12 10:13:19-05
255,TURISTICA PERLA DEL CARIBE,LA PAZ,A11434,ALUMBRADO PUBLICO -/- LUMINARIA HORIZONTAL CERRADA CON FOTOCELDA SODIO  70 W,70,CALLE,985145.050203599,1724663.01317834,11.14849715173,-74.21350167471,SODIO,Sin Identificar...,2019-09-12 10:13:19-05
256,TURISTICA PERLA DEL CARIBE,LA PAZ,A11628,ALUMBRADO PUBLICO -/- LUMINARIA HORIZONTAL CERRADA CON FOTOCELDA SODIO  70 W,70,CALLE,984907.041403112,1724535.11183404,11.14733989318,-74.21568004197,SODIO,Sin Identificar...,2019-09-12 10:13:19-05
257,TURISTICA PERLA DEL CARIBE,LA PAZ,A11619,ALUMBRADO PUBLICO -/- LUMINARIA HORIZONTAL CERRADA CON FOTOCELDA SODIO  70 W,70,CALLE,985227.669024888,1724549.30440814,11.14746953501,-74.21274484421,SODIO,Sin Identificar...,2019-09-12 10:13:19-05
258,TURISTICA PERLA DEL CARIBE,LA PAZ,A11617,ALUMBRADO PUBLICO -/- LUMINARIA HORIZONTAL CERRADA CON FOTOCELDA SODIO  70 W,70,CALLE,985231.279045333,1724572.93430938,11.14768317071,-74.21271189415,SODIO,Sin Identificar...,2019-09-12 10:13:19-05
259,TURISTICA PERLA DEL CARIBE,LA PAZ,,ALUMBRADO PUBLICO -/- LUMINARIA HORIZONTAL CERRADA CON FOTOCELDA SODIO  70 W,70,CALLE,984948.886134716,1724542.11393505,11.14740337022,-74.21529699487,SODIO,Sin Identificar...,2019-09-12 10:13:19-05
260,TURISTICA PERLA DEL CARIBE,LA PAZ,A11623,ALUMBRADO PUBLICO -/- LUMINARIA HORIZONTAL CERRADA CON FOTOCELDA SODIO  70 W,70,CALLE,985241.936767123,1724614.3840947,11.14805793211,-74.21261449854,SODIO,Sin Identificar...,2019-09-12 10:13:19-05
261,TURISTICA PERLA DEL CARIBE,LA PAZ,,ALUMBRADO PUBLICO -/- LUMINARIA HORIZONTAL CERRADA CON FOTOCELDA SODIO  70 W,70,CALLE,984942.732242925,1724520.31708225,11.14720629482,-74.21535323924,SODIO,Sin Identificar...,2019-09-12 10:13:19-05
262,TURISTICA PERLA DEL CARIBE,LA PAZ,A11616,ALUMBRADO PUBLICO -/- LUMINARIA HORIZONTAL CERRADA CON FOTOCELDA SODIO  70 W,70,CALLE,985215.040983315,1724657.86644441,11.14845091354,-74.21286090443,SODIO,Sin Identificar...,2019-09-12 10:13:19-05
263,TURISTICA PERLA DEL CARIBE,LA PAZ,,ALUMBRADO PUBLICO -/- REFLECTOR RECTANGULAR AHORRADOR 42 W ,50,CALLE,985275.414215688,1725218.48631934,11.15351931919,-74.21231053735,FLUORESCENTE,REFLECTOR RECTANGULAR,2019-09-12 10:13:19-05
264,TURISTICA PERLA DEL CARIBE,LA PAZ,,ALUMBRADO PUBLICO -/- LUMINARIA HORIZONTAL CERRADA CON FOTOCELDA SODIO  70 W,70,CALLE,984713.358328738,1724750.17204521,11.14928327459,-74.21745408647,SODIO,Sin Identificar...,2019-09-12 10:13:19-05
265,TURISTICA PERLA DEL CARIBE,LA PAZ,,ALUMBRADO PUBLICO -/- LUMINARIA HORIZONTAL CERRADA CON FOTOCELDA SODIO  70 W,70,CALLE,984731.517163473,1724781.86478667,11.14956986309,-74.21728798316,SODIO,Sin Identificar...,2019-09-12 10:13:19-05
266,TURISTICA PERLA DEL CARIBE,LA PAZ,,ALUMBRADO PUBLICO -/- LUMINARIA HORIZONTAL CERRADA CON FOTOCELDA SODIO  70 W,70,CALLE,984736.626388886,1724808.94900049,11.14981473354,-74.2172413262,SODIO,Sin Identificar...,2019-09-12 10:13:19-05
267,TURISTICA PERLA DEL CARIBE,LA PAZ,,ALUMBRADO PUBLICO -/- LUMINARIA HORIZONTAL CERRADA CON FOTOCELDA SODIO  70 W,70,CALLE,984740.888194369,1724820.98796146,11.14992358719,-74.21720236219,SODIO,Sin Identificar...,2019-09-12 10:13:19-05
268,TURISTICA PERLA DEL CARIBE,LA PAZ,,ALUMBRADO PUBLICO -/- LUMINARIA HORIZONTAL CERRADA CON FOTOCELDA SODIO  70 W,70,CALLE,984749.456316944,1724842.428156,11.15011744889,-74.21712401521,SODIO,Sin Identificar...,2019-09-12 10:13:19-05
269,TURISTICA PERLA DEL CARIBE,LA PAZ,,ALUMBRADO PUBLICO -/- LUMINARIA HORIZONTAL CERRADA CON FOTOCELDA SODIO  70 W,70,CALLE,984750.611551333,1724866.61171284,11.15033607974,-74.21711354358,SODIO,Sin Identificar...,2019-09-12 10:13:19-05
270,TURISTICA PERLA DEL CARIBE,LA PAZ,,ALUMBRADO PUBLICO -/- LUMINARIA HORIZONTAL CERRADA CON FOTOCELDA SODIO  70 W,70,CALLE,984766.661692322,1724884.57810364,11.15049856913,-74.21696668492,SODIO,Sin Identificar...,2019-09-12 10:13:19-05
271,TURISTICA PERLA DEL CARIBE,LA PAZ,12754,ALUMBRADO PUBLICO -/- LUMINARIA HORIZONTAL CERRADA CON FOTOCELDA SODIO  70 W,70,CALLE,984804.014680008,1724978.84459792,11.1513509226,-74.21662513025,SODIO,Sin Identificar...,2019-09-12 10:13:19-05
272,TURISTICA PERLA DEL CARIBE,LA PAZ,A1228,ALUMBRADO PUBLICO -/- LUMINARIA HORIZONTAL CERRADA CON FOTOCELDA SODIO  70 W,70,CALLE,984902.77769851,1725040.79242739,11.15191136571,-74.21572123445,SODIO,Sin Identificar...,2019-09-12 10:13:19-05
273,TURISTICA PERLA DEL CARIBE,LA PAZ,AR1719,ALUMBRADO PUBLICO -/- LUMINARIA HORIZONTAL CERRADA CON FOTOCELDA SODIO  70 W,70,CALLE,984959.275630808,1725048.89320751,11.15205152517,-74.21518037142,SODIO,Sin Identificar...,2019-09-12 10:13:19-05
274,TURISTICA PERLA DEL CARIBE,LA PAZ,,ALUMBRADO PUBLICO -/- REFLECTOR RECTANGULAR HALOGENO 150 W,150,CALLE,984927.360050755,1725000.6771127,11.15154881597,-74.21549601526,TUGSTENO HALOGENO,REFLECTOR RECTANGULAR,2019-09-12 10:13:19-05
275,TURISTICA PERLA DEL CARIBE,LA PAZ,13325,ALUMBRADO PUBLICO -/- LUMINARIA HORIZONTAL CERRADA CON FOTOCELDA SODIO  150 W,150,CALLE,984924.70627269,1724962.08968171,11.15119996393,-74.21552014564,SODIO,HORIZONTAL CERRADA,2019-09-12 10:13:19-05
276,TURISTICA PERLA DEL CARIBE,LA PAZ,A15684,ALUMBRADO PUBLICO -/- LUMINARIA HORIZONTAL CERRADA CON FOTOCELDA SODIO  70 W,70,CALLE,984930.723686331,1724928.56171306,11.15089688731,-74.21546491423,SODIO,Sin Identificar...,2019-09-12 10:13:19-05
277,TURISTICA PERLA DEL CARIBE,LA PAZ,B3999,ALUMBRADO PUBLICO -/- LUMINARIA HORIZONTAL CERRADA CON FOTOCELDA SODIO  150 W,150,CALLE,984926.917189367,1724896.13288372,11.15060370584,-74.2154996238,SODIO,HORIZONTAL CERRADA,2019-09-12 10:13:19-05
278,TURISTICA PERLA DEL CARIBE,LA PAZ,B3998,ALUMBRADO PUBLICO -/- LUMINARIA HORIZONTAL CERRADA CON FOTOCELDA SODIO  150 W,150,CALLE,984929.924117335,1724864.07547906,11.15031391083,-74.21547195924,SODIO,HORIZONTAL CERRADA,2019-09-12 10:13:19-05
279,TURISTICA PERLA DEL CARIBE,LA PAZ,A9303,ALUMBRADO PUBLICO -/- LUMINARIA HORIZONTAL CERRADA CON FOTOCELDA SODIO  70 W,70,CALLE,984954.002684349,1724892.7674991,11.15057339579,-74.21525164652,SODIO,Sin Identificar...,2019-09-12 10:13:19-05
280,TURISTICA PERLA DEL CARIBE,LA PAZ,A9141,ALUMBRADO PUBLICO -/- LUMINARIA HORIZONTAL CERRADA CON FOTOCELDA SODIO  70 W,70,CALLE,984641.147572528,1724570.6846888,11.14766035092,-74.21811438055,SODIO,Sin Identificar...,2019-09-12 10:13:19-05
281,TURISTICA PERLA DEL CARIBE,LA PAZ,AR2262,ALUMBRADO PUBLICO -/- LUMINARIA HORIZONTAL CERRADA CON FOTOCELDA SODIO  70 W,70,CALLE,985095.014696624,1724357.60733032,11.14573599095,-74.21395845045,SODIO,Sin Identificar...,2019-09-12 10:13:19-05
282,TURISTICA PERLA DEL CARIBE,LA PAZ,,ALUMBRADO PUBLICO -/- LUMINARIA HORIZONTAL CERRADA CON FOTOCELDA SODIO  70 W,70,CALLE,984655.697560086,1724606.38886732,11.14798318882,-74.21798133426,SODIO,Sin Identificar...,2019-09-12 10:13:19-05
283,TURISTICA PERLA DEL CARIBE,LA PAZ,AR2260,ALUMBRADO PUBLICO -/- LUMINARIA HORIZONTAL CERRADA CON FOTOCELDA SODIO  70 W,70,CALLE,985092.137290288,1724327.85222241,11.14546698459,-74.21398466674,SODIO,Sin Identificar...,2019-09-12 10:13:19-05
284,TURISTICA PERLA DEL CARIBE,LA PAZ,,ALUMBRADO PUBLICO -/- LUMINARIA VERTICAL ABIERTA SODIO  150 W,150,CALLE,984651.942014344,1724616.4170885,11.14807383058,-74.21801575884,SODIO,VERTICAL ABIERTA,2019-09-12 10:13:19-05
285,TURISTICA PERLA DEL CARIBE,LA PAZ,A16445,ALUMBRADO PUBLICO -/- LUMINARIA HORIZONTAL CERRADA CON FOTOCELDA SODIO  70 W,70,CALLE,985083.289396268,1724288.49770279,11.14511117203,-74.21406550026,SODIO,Sin Identificar...,2019-09-12 10:13:19-05
286,TURISTICA PERLA DEL CARIBE,LA PAZ,B0410,ALUMBRADO PUBLICO -/- LUMINARIA HORIZONTAL CERRADA CON FOTOCELDA SODIO  150 W,150,CALLE,984668.254450868,1724635.19377351,11.14824364682,-74.21786650407,SODIO,HORIZONTAL CERRADA,2019-09-12 10:13:19-05
287,TURISTICA PERLA DEL CARIBE,LA PAZ,A11007,ALUMBRADO PUBLICO -/- LUMINARIA HORIZONTAL CERRADA CON FOTOCELDA SODIO  70 W,70,CALLE,984673.53545028,1724648.15168021,11.14836081244,-74.21781821401,SODIO,Sin Identificar...,2019-09-12 10:13:19-05
288,TURISTICA PERLA DEL CARIBE,LA PAZ,,ALUMBRADO PUBLICO -/- LUMINARIA HORIZONTAL CERRADA CON FOTOCELDA SODIO  150 W,150,CALLE,984693.631922367,1724700.26362099,11.14883200456,-74.21763446136,SODIO,HORIZONTAL CERRADA,2019-09-12 10:13:19-05
289,TURISTICA PERLA DEL CARIBE,LA PAZ,,ALUMBRADO PUBLICO -/- LUMINARIA HORIZONTAL CERRADA CON FOTOCELDA SODIO  70 W,70,CALLE,984685.761341844,1724725.76045174,11.1490624692,-74.21770662514,SODIO,Sin Identificar...,2019-09-12 10:13:19-05
290,TURISTICA PERLA DEL CARIBE,LA PAZ,,ALUMBRADO PUBLICO -/- LUMINARIA HORIZONTAL CERRADA CON FOTOCELDA SODIO  70 W,70,CALLE,984652.844101746,1724735.97034896,11.1491546285,-74.2180080194,SODIO,Sin Identificar...,2019-09-12 10:13:19-05
291,TURISTICA PERLA DEL CARIBE,LA PAZ,A10589,ALUMBRADO PUBLICO -/- LUMINARIA HORIZONTAL CERRADA CON FOTOCELDA SODIO  70 W,70,CALLE,984632.721681967,1724752.45680777,11.14930358426,-74.21819230735,SODIO,Sin Identificar...,2019-09-12 10:13:19-05
292,TURISTICA PERLA DEL CARIBE,LA PAZ,,ALUMBRADO PUBLICO -/- LUMINARIA HORIZONTAL CERRADA CON FOTOCELDA SODIO  70 W,70,CALLE,984303.185473211,1724710.50202455,11.14892287203,-74.2212089533,SODIO,Sin Identificar...,2019-09-12 10:13:19-05
293,TURISTICA PERLA DEL CARIBE,LA PAZ,,ALUMBRADO PUBLICO -/- LUMINARIA HORIZONTAL CERRADA CON FOTOCELDA SODIO  70 W,70,CALLE,984319.142116683,1724712.01872676,11.14893665335,-74.22106288063,SODIO,Sin Identificar...,2019-09-12 10:13:19-05
294,TURISTICA PERLA DEL CARIBE,LA PAZ,,ALUMBRADO PUBLICO -/- LUMINARIA HORIZONTAL CERRADA CON FOTOCELDA SODIO  70 W,70,CALLE,984338.613926816,1724719.63504501,11.14900559216,-74.22088465442,SODIO,Sin Identificar...,2019-09-12 10:13:19-05
295,TURISTICA PERLA DEL CARIBE,LA PAZ,,ALUMBRADO PUBLICO -/- LUMINARIA HORIZONTAL CERRADA CON FOTOCELDA SODIO  70 W,70,CALLE,984358.821446956,1724714.4268355,11.14895859687,-74.22069963613,SODIO,Sin Identificar...,2019-09-12 10:13:19-05
296,TURISTICA PERLA DEL CARIBE,LA PAZ,,ALUMBRADO PUBLICO -/- LUMINARIA HORIZONTAL CERRADA CON FOTOCELDA SODIO  70 W,70,CALLE,984392.918917016,1724717.35671139,11.14898523254,-74.22038749453,SODIO,Sin Identificar...,2019-09-12 10:13:19-05
297,TURISTICA PERLA DEL CARIBE,LA PAZ,,ALUMBRADO PUBLICO -/- LUMINARIA HORIZONTAL CERRADA CON FOTOCELDA SODIO  70 W,70,CALLE,984400.192378007,1724724.80570036,11.14905260512,-74.22032094052,SODIO,Sin Identificar...,2019-09-12 10:13:19-05
298,TURISTICA PERLA DEL CARIBE,LA PAZ,,ALUMBRADO PUBLICO -/- LUMINARIA HORIZONTAL CERRADA CON FOTOCELDA SODIO  70 W,70,CALLE,985058.210760644,1724404.15206529,11.14615661482,-74.21429557509,SODIO,Sin Identificar...,2019-09-12 10:13:19-05
299,TURISTICA PERLA DEL CARIBE,LA PAZ,,ALUMBRADO PUBLICO -/- LUMINARIA HORIZONTAL CERRADA CON FOTOCELDA SODIO  70 W,70,CALLE,984439.475421069,1724721.62681406,11.14902403807,-74.21996129914,SODIO,Sin Identificar...,2019-09-12 10:13:19-05
300,TURISTICA PERLA DEL CARIBE,LA PAZ,,ALUMBRADO PUBLICO -/- LUMINARIA HORIZONTAL CERRADA CON FOTOCELDA SODIO  70 W,70,CALLE,984459.785216402,1724730.79638582,11.1491070217,-74.21977540787,SODIO,Sin Identificar...,2019-09-12 10:13:19-05
301,TURISTICA PERLA DEL CARIBE,LA PAZ,,ALUMBRADO PUBLICO -/- LUMINARIA HORIZONTAL CERRADA CON FOTOCELDA SODIO  70 W,70,CALLE,984471.089073765,1724724.86614291,11.14905345974,-74.21967189754,SODIO,Sin Identificar...,2019-09-12 10:13:19-05
302,TURISTICA PERLA DEL CARIBE,LA PAZ,A10596,ALUMBRADO PUBLICO -/- LUMINARIA HORIZONTAL CERRADA CON FOTOCELDA SODIO  70 W,70,CALLE,984500.768108123,1724740.76210061,11.14919729212,-74.21940026236,SODIO,Sin Identificar...,2019-09-12 10:13:19-05
303,TURISTICA PERLA DEL CARIBE,LA PAZ,A16434,ALUMBRADO PUBLICO -/- LUMINARIA HORIZONTAL CERRADA CON FOTOCELDA SODIO  70 W,70,CALLE,985080.320015315,1724430.77615557,11.14641134008,-74.21376481371,SODIO,Sin Identificar...,2019-09-12 10:13:19-05
304,TURISTICA PERLA DEL CARIBE,LA PAZ,A8119,ALUMBRADO PUBLICO -/- LUMINARIA HORIZONTAL CERRADA CON FOTOCELDA SODIO  70 W,70,CALLE,984517.790868521,1724737.84832398,11.14917102444,-74.21924440999,SODIO,Sin Identificar...,2019-09-12 10:13:19-05
305,TURISTICA PERLA DEL CARIBE,LA PAZ,A10588,ALUMBRADO PUBLICO -/- LUMINARIA HORIZONTAL CERRADA CON FOTOCELDA SODIO  70 W,70,CALLE,984530.764280305,1724740.7825491,11.14919760671,-74.21912565412,SODIO,Sin Identificar...,2019-09-12 10:13:19-05
306,TURISTICA PERLA DEL CARIBE,LA PAZ,,ALUMBRADO PUBLICO -/- LUMINARIA HORIZONTAL CERRADA CON FOTOCELDA SODIO  70 W,70,CALLE,984538.541374167,1724733.11011116,11.14912827938,-74.21905442299,SODIO,Sin Identificar...,2019-09-12 10:13:19-05
307,TURISTICA PERLA DEL CARIBE,LA PAZ,A8120,ALUMBRADO PUBLICO -/- LUMINARIA HORIZONTAL CERRADA CON FOTOCELDA SODIO  70 W,70,CALLE,984574.268777241,1724738.09745446,11.14917352043,-74.21872736834,SODIO,Sin Identificar...,2019-09-12 10:13:19-05
308,TURISTICA PERLA DEL CARIBE,LA PAZ,,ALUMBRADO PUBLICO -/- LUMINARIA HORIZONTAL ABIERTA AHORRADOR  20 W,20,CALLE,985130.776986562,1724872.68529033,11.15039258576,-74.21363322442,FLUORESCENTE,HORIZONTAL ABIERTA,2019-09-12 10:13:19-05
309,TURISTICA PERLA DEL CARIBE,LA PAZ,,ALUMBRADO PUBLICO -/- LUMINARIA HORIZONTAL CERRADA CON FOTOCELDA SODIO  70 W,70,CALLE,984618.704213353,1724743.62567571,11.14922368823,-74.21832059581,SODIO,Sin Identificar...,2019-09-12 10:13:19-05
310,TURISTICA PERLA DEL CARIBE,LA PAZ,A11342,ALUMBRADO PUBLICO -/- LUMINARIA HORIZONTAL CERRADA CON FOTOCELDA SODIO  70 W,70,CALLE,985217.571910898,1724872.91902481,11.15039505824,-74.21283863359,SODIO,Sin Identificar...,2019-09-12 10:13:19-05
311,TURISTICA PERLA DEL CARIBE,LA PAZ,,ALUMBRADO PUBLICO -/- LUMINARIA HORIZONTAL CERRADA CON FOTOCELDA SODIO  70 W,70,CALLE,985209.527457362,1724866.25388205,11.1503347703,-74.21291225122,SODIO,Sin Identificar...,2019-09-12 10:13:19-05
312,TURISTICA PERLA DEL CARIBE,LA PAZ,B0412,ALUMBRADO PUBLICO -/- LUMINARIA HORIZONTAL CERRADA CON FOTOCELDA SODIO  150 W,150,CALLE,984316.310641113,1724648.12612769,11.14835903452,-74.22108851872,SODIO,HORIZONTAL CERRADA,2019-09-12 10:13:19-05
313,TURISTICA PERLA DEL CARIBE,LA PAZ,A11342,ALUMBRADO PUBLICO -/- LUMINARIA HORIZONTAL CERRADA CON FOTOCELDA SODIO  70 W,70,CALLE,985231.339873649,1724863.73414826,11.15031208127,-74.21271255201,SODIO,Sin Identificar...,2019-09-12 10:13:19-05
314,TURISTICA PERLA DEL CARIBE,LA PAZ,A11340,ALUMBRADO PUBLICO -/- LUMINARIA HORIZONTAL CERRADA CON FOTOCELDA SODIO  70 W,70,CALLE,985240.254593472,1724868.92534118,11.15035904784,-74.21263096106,SODIO,Sin Identificar...,2019-09-12 10:13:19-05
315,TURISTICA PERLA DEL CARIBE,LA PAZ,A8352,ALUMBRADO PUBLICO -/- LUMINARIA HORIZONTAL CERRADA CON FOTOCELDA SODIO  70 W,70,CALLE,984365.399237556,1724646.77983137,11.14834707832,-74.22063911883,SODIO,Sin Identificar...,2019-09-12 10:13:19-05
316,TURISTICA PERLA DEL CARIBE,LA PAZ,A11339,ALUMBRADO PUBLICO -/- LUMINARIA HORIZONTAL CERRADA CON FOTOCELDA SODIO  70 W,70,CALLE,985257.202748909,1724859.63103323,11.15027509459,-74.21247576502,SODIO,Sin Identificar...,2019-09-12 10:13:19-05
317,TURISTICA PERLA DEL CARIBE,LA PAZ,,ALUMBRADO PUBLICO -/- LUMINARIA HORIZONTAL CERRADA CON FOTOCELDA SODIO  70 W,70,CALLE,985150.509606226,1724415.99918616,11.14626409996,-74.21345065788,SODIO,Sin Identificar...,2019-09-12 10:13:19-05
318,TURISTICA PERLA DEL CARIBE,LA PAZ,B0411,ALUMBRADO PUBLICO -/- LUMINARIA HORIZONTAL CERRADA CON FOTOCELDA SODIO  150 W,150,CALLE,984418.006885385,1724644.79445443,11.1483293593,-74.22015750011,SODIO,HORIZONTAL CERRADA,2019-09-12 10:13:19-05
319,TURISTICA PERLA DEL CARIBE,LA PAZ,A15693,ALUMBRADO PUBLICO -/- LUMINARIA HORIZONTAL CERRADA CON FOTOCELDA SODIO  70 W,70,CALLE,985349.661826783,1724857.17181663,11.15025324217,-74.21162930902,SODIO,Sin Identificar...,2019-09-12 10:13:19-05
320,TURISTICA PERLA DEL CARIBE,LA PAZ,,ALUMBRADO PUBLICO -/- LUMINARIA HORIZONTAL ABIERTA MERCURIO  125 W,125,CALLE,984456.511682747,1724636.32700898,11.14825297865,-74.21980496103,MERCURIO,HORIZONTAL ABIERTA,2019-09-12 10:13:19-05
321,TURISTICA PERLA DEL CARIBE,LA PAZ,B0422,ALUMBRADO PUBLICO -/- LUMINARIA HORIZONTAL CERRADA CON FOTOCELDA SODIO  150 W,150,CALLE,984472.009777378,1724643.24959327,11.14831562794,-74.21966311026,SODIO,HORIZONTAL CERRADA,2019-09-12 10:13:19-05
322,TURISTICA PERLA DEL CARIBE,LA PAZ,,ALUMBRADO PUBLICO -/- LUMINARIA HORIZONTAL CERRADA CON FOTOCELDA SODIO  150 W,150,CALLE,985414.294173554,1724845.17440219,11.15014504617,-74.21103756233,SODIO,HORIZONTAL CERRADA,2019-09-12 10:13:19-05
323,TURISTICA PERLA DEL CARIBE,LA PAZ,B3294,ALUMBRADO PUBLICO -/- LUMINARIA HORIZONTAL CERRADA CON FOTOCELDA SODIO  150 W,150,CALLE,984508.914142453,1724641.47107988,11.14829970955,-74.21932525218,SODIO,HORIZONTAL CERRADA,2019-09-12 10:13:19-05
324,TURISTICA PERLA DEL CARIBE,LA PAZ,A16958,ALUMBRADO PUBLICO -/- LUMINARIA HORIZONTAL CERRADA CON FOTOCELDA SODIO  70 W,70,CALLE,984334.257309684,1724234.9697023,11.14462406636,-74.22092239119,SODIO,Sin Identificar...,2019-09-12 10:13:19-05
325,TURISTICA PERLA DEL CARIBE,LA PAZ,,ALUMBRADO PUBLICO -/- LUMINARIA HORIZONTAL CERRADA CON FOTOCELDA SODIO  70 W,70,CALLE,984535.462175655,1724640.2945091,11.14828918779,-74.2190822064,SODIO,Sin Identificar...,2019-09-12 10:13:19-05
326,TURISTICA PERLA DEL CARIBE,LA PAZ,,ALUMBRADO PUBLICO -/- LUMINARIA HORIZONTAL CERRADA CON FOTOCELDA SODIO  70 W,70,CALLE,984549.871281669,1724639.90873152,11.14828576246,-74.21895029294,SODIO,Sin Identificar...,2019-09-12 10:13:19-05
327,TURISTICA PERLA DEL CARIBE,LA PAZ,B0420,ALUMBRADO PUBLICO -/- LUMINARIA HORIZONTAL CERRADA CON FOTOCELDA SODIO  150 W,150,CALLE,984579.653307683,1724629.56401393,11.14819237178,-74.2186776008,SODIO,HORIZONTAL CERRADA,2019-09-12 10:13:19-05
328,TURISTICA PERLA DEL CARIBE,LA PAZ,,ALUMBRADO PUBLICO -/- REFLECTOR RECTANGULAR AHORRADOR 42 W ,50,CALLE,985437.241255498,1724848.18938602,11.15017239587,-74.21082749853,FLUORESCENTE,REFLECTOR RECTANGULAR,2019-09-12 10:13:19-05
329,TURISTICA PERLA DEL CARIBE,LA PAZ,,ALUMBRADO PUBLICO -/- REFLECTOR RECTANGULAR LED 50 W,50,CALLE,985458.93421286,1724846.12648163,11.15020179339,-74.210609671,LED,REFLECTOR RECTANGULAR,2019-09-12 10:13:19-05
330,TURISTICA PERLA DEL CARIBE,LA PAZ,B0424,ALUMBRADO PUBLICO -/- LUMINARIA HORIZONTAL CERRADA CON FOTOCELDA SODIO  150 W,150,CALLE,984613.161028778,1724636.64865548,11.14825656302,-74.21837087689,SODIO,HORIZONTAL CERRADA,2019-09-12 10:13:19-05
331,TURISTICA PERLA DEL CARIBE,LA PAZ,,ALUMBRADO PUBLICO -/- REFLECTOR RECTANGULAR LED 50 W,50,CALLE,985466.989074501,1724845.21126547,11.15014559373,-74.21055515057,LED,REFLECTOR RECTANGULAR,2019-09-12 10:13:19-05
332,TURISTICA PERLA DEL CARIBE,LA PAZ,A9094,ALUMBRADO PUBLICO -/- LUMINARIA HORIZONTAL CERRADA CON FOTOCELDA SODIO  70 W,70,CALLE,984337.930444379,1724268.99528576,11.14493168301,-74.22088891565,SODIO,Sin Identificar...,2019-09-12 10:13:19-05
333,TURISTICA PERLA DEL CARIBE,LA PAZ,,ALUMBRADO PUBLICO -/- LUMINARIA HORIZONTAL CERRADA CON FOTOCELDA SODIO  70 W,70,CALLE,984342.013356307,1724649.17787681,11.14836865511,-74.22085322139,SODIO,Sin Identificar...,2019-09-12 10:13:19-05
334,TURISTICA PERLA DEL CARIBE,LA PAZ,,ALUMBRADO PUBLICO -/- LUMINARIA HORIZONTAL CERRADA CON FOTOCELDA SODIO  70 W,70,CALLE,984340.927042141,1724685.75914356,11.14869935494,-74.22086332834,SODIO,Sin Identificar...,2019-09-12 10:13:19-05
335,TURISTICA PERLA DEL CARIBE,LA PAZ,,ALUMBRADO PUBLICO -/- LUMINARIA HORIZONTAL CERRADA CON FOTOCELDA SODIO  70 W,70,CALLE,984401.746582492,1724688.93614115,11.14872834134,-74.22030655388,SODIO,Sin Identificar...,2019-09-12 10:13:19-05
336,TURISTICA PERLA DEL CARIBE,LA PAZ,,ALUMBRADO PUBLICO -/- LUMINARIA HORIZONTAL CERRADA CON FOTOCELDA SODIO  70 W,70,CALLE,984402.123100635,1724654.6159489,11.14841807912,-74.22030295554,SODIO,Sin Identificar...,2019-09-12 10:13:19-05
337,TURISTICA PERLA DEL CARIBE,LA PAZ,,ALUMBRADO PUBLICO -/- LUMINARIA HORIZONTAL CERRADA CON FOTOCELDA SODIO  70 W,70,CALLE,984465.383696281,1724655.63935678,11.14842760603,-74.21972382482,SODIO,Sin Identificar...,2019-09-12 10:13:19-05
338,TURISTICA PERLA DEL CARIBE,LA PAZ,A11553,ALUMBRADO PUBLICO -/- LUMINARIA HORIZONTAL CERRADA CON FOTOCELDA SODIO  70 W,70,CALLE,984464.029865308,1724768.124016,11.14944449203,-74.21973671309,SODIO,Sin Identificar...,2019-09-12 10:13:19-05
339,TURISTICA PERLA DEL CARIBE,LA PAZ,A11559,ALUMBRADO PUBLICO -/- LUMINARIA HORIZONTAL CERRADA CON FOTOCELDA SODIO  70 W,70,CALLE,984458.089648491,1724798.13727837,11.14971579428,-74.21979122645,SODIO,Sin Identificar...,2019-09-12 10:13:19-05
340,TURISTICA PERLA DEL CARIBE,LA PAZ,,ALUMBRADO PUBLICO -/- LUMINARIA HORIZONTAL CERRADA CON FOTOCELDA SODIO  70 W,70,CALLE,984452.634834933,1724831.51748273,11.15001753669,-74.21984131095,SODIO,Sin Identificar...,2019-09-12 10:13:19-05
341,TURISTICA PERLA DEL CARIBE,LA PAZ,,ALUMBRADO PUBLICO -/- LUMINARIA HORIZONTAL CERRADA CON FOTOCELDA SODIO  70 W,70,CALLE,984447.522633893,1724861.43740879,11.15028799872,-74.21988824378,SODIO,Sin Identificar...,2019-09-12 10:13:19-05
342,TURISTICA PERLA DEL CARIBE,LA PAZ,B4124,ALUMBRADO PUBLICO -/- LUMINARIA HORIZONTAL CERRADA CON FOTOCELDA SODIO  150 W,150,CALLE,984472.255386458,1724890.7134519,11.15055276944,-74.21966194865,SODIO,HORIZONTAL CERRADA,2019-09-12 10:13:19-05
343,TURISTICA PERLA DEL CARIBE,LA PAZ,A16809,ALUMBRADO PUBLICO -/- LUMINARIA HORIZONTAL CERRADA CON FOTOCELDA SODIO  70 W,70,CALLE,985260.833155478,1724452.08484623,11.14659078004,-74.21244083041,SODIO,Sin Identificar...,2019-09-12 10:13:19-05
344,TURISTICA PERLA DEL CARIBE,LA PAZ,,ALUMBRADO PUBLICO -/- LUMINARIA HORIZONTAL CERRADA CON FOTOCELDA SODIO  70 W,70,CALLE,984763.002569384,1725014.15786175,11.15166998974,-74.21700074209,SODIO,Sin Identificar...,2019-09-12 10:13:19-05
345,TURISTICA PERLA DEL CARIBE,LA PAZ,,ALUMBRADO PUBLICO -/- LUMINARIA HORIZONTAL CERRADA CON FOTOCELDA SODIO  70 W,70,CALLE,984795.478464991,1724494.69223924,11.14697401701,-74.21670119588,SODIO,Sin Identificar...,2019-09-12 10:13:19-05
346,TURISTICA PERLA DEL CARIBE,LA PAZ,,ALUMBRADO PUBLICO REFLECTOR CIRCULAR METAL HALIDE 1000 W,1000,POLIDEPORTIVO,984556.255601888,1724485.88864638,11.14689340642,-74.21889117339,METAL HALIDE,REFLECTOR CIRCULAR,2019-09-12 10:13:19-05
347,TURISTICA PERLA DEL CARIBE,LA PAZ,,ALUMBRADO PUBLICO REFLECTOR CIRCULAR METAL HALIDE 1000 W,1000,POLIDEPORTIVO,984556.255601888,1724485.88864638,11.14689340642,-74.21889117339,METAL HALIDE,REFLECTOR CIRCULAR,2019-09-12 10:13:19-05
348,TURISTICA PERLA DEL CARIBE,LA PAZ,,ALUMBRADO PUBLICO REFLECTOR CIRCULAR METAL HALIDE 1000 W,1000,POLIDEPORTIVO,984564.34783867,1724508.15617817,11.14709474588,-74.21881718853,METAL HALIDE,REFLECTOR CIRCULAR,2019-09-12 10:13:19-05
349,TURISTICA PERLA DEL CARIBE,LA PAZ,,ALUMBRADO PUBLICO REFLECTOR CIRCULAR METAL HALIDE 1000 W,1000,POLIDEPORTIVO,984564.34783867,1724508.15617817,11.14709474588,-74.21881718853,METAL HALIDE,REFLECTOR CIRCULAR,2019-09-12 10:13:19-05
350,TURISTICA PERLA DEL CARIBE,LA PAZ,,ALUMBRADO PUBLICO REFLECTOR CIRCULAR METAL HALIDE 1000 W,1000,POLIDEPORTIVO,984564.34783867,1724508.15617817,11.14709474588,-74.21881718853,METAL HALIDE,REFLECTOR CIRCULAR,2019-09-12 10:13:19-05
351,TURISTICA PERLA DEL CARIBE,LA PAZ,,ALUMBRADO PUBLICO -/- LUMINARIA HORIZONTAL CERRADA CON FOTOCELDA SODIO  70 W,70,CALLE,984233,1724040,,,SODIO,Sin Identificar...,2019-09-12 10:13:19-05
352,TURISTICA PERLA DEL CARIBE,LA PAZ,,ALUMBRADO PUBLICO -/- LUMINARIA HORIZONTAL CERRADA CON FOTOCELDA SODIO  70 W,70,CALLE,984233,1724040,,,SODIO,Sin Identificar...,2019-09-12 10:13:19-05
353,TURISTICA PERLA DEL CARIBE,LA PAZ,,ALUMBRADO PUBLICO -/- LUMINARIA HORIZONTAL CERRADA CON FOTOCELDA SODIO  70 W,70,CALLE,984478.403478483,1724187.49545607,11.14419484505,-74.21942203053,SODIO,Sin Identificar...,2019-09-12 10:13:19-05
354,TURISTICA PERLA DEL CARIBE,LA PAZ,A11557,ALUMBRADO PUBLICO -/- LUMINARIA HORIZONTAL CERRADA CON FOTOCELDA SODIO  70 W,70,CALLE,984511.01693304,1724865.06402014,11.15032105955,-74.21930698123,SODIO,Sin Identificar...,2019-09-12 10:13:19-05
355,TURISTICA PERLA DEL CARIBE,LA PAZ,A11556,ALUMBRADO PUBLICO -/- LUMINARIA HORIZONTAL CERRADA CON FOTOCELDA SODIO  70 W,70,CALLE,984551,1724781,,,SODIO,Sin Identificar...,2019-09-12 10:13:19-05
356,TURISTICA PERLA DEL CARIBE,LA PAZ,,ALUMBRADO PUBLICO -/- REFLECTOR RECTANGULAR LED 50 W,50,CALLE,984586.926200001,1724777.38829335,,,LED,REFLECTOR RECTANGULAR,2019-09-12 10:13:19-05
357,TURISTICA PERLA DEL CARIBE,LA PAZ,,ALUMBRADO PUBLICO -/- LUMINARIA HORIZONTAL CERRADA CON FOTOCELDA SODIO  150 W,150,CALLE,984585.420833314,1724844.12621646,,,SODIO,HORIZONTAL CERRADA,2019-09-12 10:13:19-05
358,TURISTICA PERLA DEL CARIBE,LA PAZ,A10597,ALUMBRADO PUBLICO -/- LUMINARIA HORIZONTAL CERRADA CON FOTOCELDA SODIO  70 W,70,CALLE,984610,1724795,,,SODIO,Sin Identificar...,2019-09-12 10:13:19-05
359,TURISTICA PERLA DEL CARIBE,LA PAZ,,ALUMBRADO PUBLICO -/- REFLECTOR RECTANGULAR SODIO 250 W,250,CALLE,984401.228102553,1724608.02849465,11.14799691197,-74.2203109435,SODIO,REFLECTOR RECTANGULAR,2019-09-12 10:13:19-05
360,TURISTICA PERLA DEL CARIBE,LA PAZ,,ALUMBRADO PUBLICO -/- LUMINARIA HORIZONTAL CERRADA CON FOTOCELDA SODIO  150 W,150,CALLE,984631,1724830,,,SODIO,HORIZONTAL CERRADA,2019-09-12 10:13:19-05
361,TURISTICA PERLA DEL CARIBE,LA PAZ,,ALUMBRADO PUBLICO -/- LUMINARIA HORIZONTAL CERRADA CON FOTOCELDA SODIO  70 W,70,CALLE,984461,1724697,,,SODIO,Sin Identificar...,2019-09-12 10:13:19-05
362,TURISTICA PERLA DEL CARIBE,LA PAZ,,ALUMBRADO PUBLICO -/- LUMINARIA VERTICAL ABIERTA SODIO  150 W,150,CALLE,984287.076691526,1724357.10157662,11.14572796521,-74.22135485513,SODIO,VERTICAL ABIERTA,2019-09-12 10:13:19-05
363,TURISTICA PERLA DEL CARIBE,LA PAZ,,ALUMBRADO PUBLICO -/- LUMINARIA HORIZONTAL CERRADA CON FOTOCELDA SODIO  70 W,70,CALLE,984340,1724400,,,SODIO,Sin Identificar...,2019-09-12 10:13:19-05
364,TURISTICA PERLA DEL CARIBE,LA PAZ,G0680,ALUMBRADO PUBLICO -/- REFLECTOR RECTANGULAR SODIO 400 W,400,CALLE,984327.311762971,1724344.59625752,11.14561509001,-74.22098646092,SODIO,REFLECTOR RECTANGULAR,2019-09-12 10:13:19-05
365,TURISTICA PERLA DEL CARIBE,LA PAZ,,ALUMBRADO PUBLICO -/- LUMINARIA HORIZONTAL ABIERTA CON FOTOCELDA SODIO  70 W,70,CALLE,984044.712269656,1724020.98767421,11.14268833225,-74.22357210512,SODIO,HORIZONTAL ABIERTA,2019-09-12 10:13:19-05
366,TURISTICA PERLA DEL CARIBE,LA PAZ,,ALUMBRADO PUBLICO -/- REFLECTOR CIRCULAR SODIO 400 W,400,CALLE,984081.414483481,1724009.9616029,11.14258881682,-74.22323606238,SODIO,REFLECTOR CIRCULAR,2019-09-12 10:13:19-05
367,TURISTICA PERLA DEL CARIBE,LA PAZ,A8594,ALUMBRADO PUBLICO -/- LUMINARIA HORIZONTAL CERRADA CON FOTOCELDA SODIO  70 W,70,CALLE,984478,1724407,,,SODIO,Sin Identificar...,2019-09-12 10:13:19-05
368,TURISTICA PERLA DEL CARIBE,LA PAZ,,ALUMBRADO PUBLICO -/- LUMINARIA HORIZONTAL CERRADA CON FOTOCELDA SODIO  70 W,70,CALLE,984478,1724407,,,SODIO,Sin Identificar...,2019-09-12 10:13:19-05
369,TURISTICA PERLA DEL CARIBE,LA PAZ,A10560,ALUMBRADO PUBLICO -/- LUMINARIA HORIZONTAL CERRADA CON FOTOCELDA SODIO  70 W,70,CALLE,984866,1724822,,,SODIO,Sin Identificar...,2019-09-12 10:13:19-05
370,TURISTICA PERLA DEL CARIBE,LA PAZ,A13790,ALUMBRADO PUBLICO -/- LUMINARIA HORIZONTAL CERRADA CON FOTOCELDA SODIO  70 W,70,CALLE,984510.964204382,1724352.15212903,,,SODIO,Sin Identificar...,2019-09-12 10:13:19-05
371,TURISTICA PERLA DEL CARIBE,LA PAZ,,ALUMBRADO PUBLICO -/- REFLECTOR RECTANGULAR SODIO 250 W,250,CALLE,984925.824232923,1724785.25613641,11.14960134522,-74.21550915684,SODIO,REFLECTOR RECTANGULAR,2019-09-12 10:13:19-05
372,TURISTICA PERLA DEL CARIBE,LA PAZ,A12288,ALUMBRADO PUBLICO -/- LUMINARIA HORIZONTAL CERRADA CON FOTOCELDA SODIO  70 W,70,CALLE,984929,1724819,,,SODIO,Sin Identificar...,2019-09-12 10:13:19-05
373,TURISTICA PERLA DEL CARIBE,LA PAZ,,ALUMBRADO PUBLICO -/- LUMINARIA HORIZONTAL CERRADA CON FOTOCELDA SODIO  150 W,150,CALLE,984398.56809354,1724456.82951032,11.14663002038,-74.2203346281,SODIO,HORIZONTAL CERRADA,2019-09-12 10:13:19-05
374,TURISTICA PERLA DEL CARIBE,LA PAZ,F0135,ALUMBRADO PUBLICO -/- REFLECTOR RECTANGULAR SODIO 250 W,250,CALLE,984407.452760919,1724459.56212241,,,SODIO,REFLECTOR RECTANGULAR,2019-09-12 10:13:19-05
375,TURISTICA PERLA DEL CARIBE,LA PAZ,,ALUMBRADO PUBLICO -/- LUMINARIA HORIZONTAL CERRADA CON FOTOCELDA SODIO  70 W,70,CALLE,985207,1724831,,,SODIO,Sin Identificar...,2019-09-12 10:13:19-05
376,TURISTICA PERLA DEL CARIBE,LA PAZ,,ALUMBRADO PUBLICO -/- LUMINARIA VERTICAL ABIERTA SODIO  150 W,150,CALLE,984649,1724609,,,SODIO,VERTICAL ABIERTA,2019-09-12 10:13:19-05
377,TURISTICA PERLA DEL CARIBE,LA PAZ,,ALUMBRADO PUBLICO -/- LUMINARIA HORIZONTAL CERRADA CON FOTOCELDA SODIO  150 W,150,CALLE,984093,1724181,,,SODIO,HORIZONTAL CERRADA,2019-09-12 10:13:19-05
378,TURISTICA PERLA DEL CARIBE,LA PAZ,,ALUMBRADO PUBLICO -/- LUMINARIA HORIZONTAL CERRADA CON FOTOCELDA SODIO  70 W,70,CALLE,984395.283405088,1724142.9945164,11.14379285185,-74.22036331377,SODIO,Sin Identificar...,2019-09-12 10:13:19-05
379,TURISTICA PERLA DEL CARIBE,LA PAZ,A11447,ALUMBRADO PUBLICO -/- LUMINARIA HORIZONTAL CERRADA CON FOTOCELDA SODIO  70 W,70,CALLE,985227,1724901,,,SODIO,Sin Identificar...,2019-09-12 10:13:19-05
380,TURISTICA PERLA DEL CARIBE,LA PAZ,,ALUMBRADO PUBLICO REFLECTOR CIRCULAR METAL HALIDE 1000 W,1000,POLIDEPORTIVO,984546.929780803,1724464.19437632,11.14669724406,-74.21897645375,METAL HALIDE,REFLECTOR CIRCULAR,2019-09-12 10:13:19-05
381,TURISTICA PERLA DEL CARIBE,LA PAZ,,ALUMBRADO PUBLICO REFLECTOR CIRCULAR METAL HALIDE 1000 W,1000,CALLE,984546.929780803,1724464.19437632,11.14669724406,-74.21897645375,METAL HALIDE,REFLECTOR CIRCULAR,2019-09-12 10:13:19-05
382,TURISTICA PERLA DEL CARIBE,LA PAZ,,ALUMBRADO PUBLICO REFLECTOR CIRCULAR METAL HALIDE 1000 W,1000,CALLE,984546.929780803,1724464.19437632,11.14669724406,-74.21897645375,METAL HALIDE,REFLECTOR CIRCULAR,2019-09-12 10:13:19-05
383,TURISTICA PERLA DEL CARIBE,LA PAZ,,ALUMBRADO PUBLICO -/- LUMINARIA HORIZONTAL CERRADA CON FOTOCELDA SODIO  70 W,70,CALLE,984705,1724731,,,SODIO,Sin Identificar...,2019-09-12 10:13:19-05
384,TURISTICA PERLA DEL CARIBE,LA PAZ,,ALUMBRADO PUBLICO -/- REFLECTOR RECTANGULAR AHORRADOR 42 W ,50,CALLE,985437.241255498,1724848.18938602,11.15017239587,-74.21082749853,FLUORESCENTE,REFLECTOR RECTANGULAR,2019-09-12 10:13:19-05
385,TURISTICA PERLA DEL CARIBE,LA PAZ,,ALUMBRADO PUBLICO -/- REFLECTOR RECTANGULAR SODIO 400 W,400,CALLE,985484.956520203,1724837.80239809,11.15007868843,-74.21039063156,SODIO,REFLECTOR RECTANGULAR,2019-09-12 10:13:19-05
386,TURISTICA PERLA DEL CARIBE,LA PAZ,,ALUMBRADO PUBLICO -/- REFLECTOR RECTANGULAR LED 50 W,50,CALLE,985319.035980267,1725219.71661026,11.1534387378,-74.21191562254,LED,REFLECTOR RECTANGULAR,2019-09-12 10:13:19-05
387,TURISTICA PERLA DEL CARIBE,LA PAZ,,ALUMBRADO PUBLICO -/- LUMINARIA HORIZONTAL CERRADA CON FOTOCELDA SODIO  70 W,70,CALLE,984334.257309684,1724234.9697023,11.14462406636,-74.22092239119,SODIO,Sin Identificar...,2019-09-12 10:13:19-05
388,TURISTICA PERLA DEL CARIBE,LA PAZ,,ALUMBRADO PUBLICO REFLECTOR CIRCULAR METAL HALIDE 400 W,400,CALLE,985572.738244471,1725503.62007174,11.1560982168,-74.20958972455,METAL HALIDE,REFLECTOR CIRCULAR,2019-09-12 10:13:19-05
389,TURISTICA PERLA DEL CARIBE,LA PAZ,,ALUMBRADO PUBLICO REFLECTOR RECTANGULAR MERCURIO 250 W    ,250,CALLE,984881,1724463,,,MERCURIO,REFLECTOR RECTANGULAR,2019-09-12 10:13:19-05
390,TURISTICA PERLA DEL CARIBE,LA PAZ,,ALUMBRADO PUBLICO -/- REFLECTOR RECTANGULAR SODIO 250 W,250,CALLE,984942.732242925,1724520.31708225,11.14720629482,-74.21535323924,SODIO,REFLECTOR RECTANGULAR,2019-09-12 10:13:19-05
391,TURISTICA PERLA DEL CARIBE,LA PAZ,,ALUMBRADO PUBLICO -/- REFLECTOR RECTANGULAR SODIO 250 W,250,CALLE,984962.418305901,1724545.26953032,11.14743195452,-74.21517312499,SODIO,REFLECTOR RECTANGULAR,2019-09-12 10:13:19-05
392,TURISTICA PERLA DEL CARIBE,LA PAZ,,ALUMBRADO PUBLICO -/- LUMINARIA HORIZONTAL CERRADA CON FOTOCELDA SODIO  70 W,70,CALLE,984483.852751048,1724215.98971209,11.14445313321,-74.21955281617,SODIO,Sin Identificar...,2019-09-12 10:13:19-05
393,TURISTICA PERLA DEL CARIBE,LA PAZ,A11979,ALUMBRADO PUBLICO -/- LUMINARIA HORIZONTAL CERRADA CON FOTOCELDA SODIO  70 W,70,CALLE,984911,1724669,,,SODIO,Sin Identificar...,2019-09-12 10:13:19-05
394,TURISTICA PERLA DEL CARIBE,LA PAZ,,ALUMBRADO PUBLICO -/- REFLECTOR CIRCULAR SODIO 250 W,250,CALLE,984493.861952321,1724270.73901717,11.14494812529,-74.21946142565,SODIO,REFLECTOR CIRCULAR,2019-09-12 10:13:19-05
395,TURISTICA PERLA DEL CARIBE,LA PAZ,A12293,ALUMBRADO PUBLICO -/- LUMINARIA HORIZONTAL CERRADA CON FOTOCELDA SODIO  70 W,70,CALLE,985096,1724394,,,SODIO,Sin Identificar...,2019-09-12 10:13:19-05
396,TURISTICA PERLA DEL CARIBE,LA PAZ,A12258,ALUMBRADO PUBLICO -/- LUMINARIA HORIZONTAL CERRADA CON FOTOCELDA SODIO  70 W,70,CALLE,984916,1724714,,,SODIO,Sin Identificar...,2019-09-12 10:13:19-05
397,TURISTICA PERLA DEL CARIBE,LA PAZ,A9302,ALUMBRADO PUBLICO -/- LUMINARIA HORIZONTAL CERRADA CON FOTOCELDA SODIO  70 W,70,CALLE,984926,1724758,,,SODIO,Sin Identificar...,2019-09-12 10:13:19-05
398,TURISTICA PERLA DEL CARIBE,LA PAZ,A11613,ALUMBRADO PUBLICO -/- LUMINARIA HORIZONTAL CERRADA CON FOTOCELDA SODIO  70 W,70,CALLE,985156.003469201,1724503.98080576,,,SODIO,Sin Identificar...,2019-09-12 10:13:19-05
399,TURISTICA PERLA DEL CARIBE,LA PAZ,1184,ALUMBRADO PUBLICO -/- REFLECTOR RECTANGULAR HALOGENO 150 W,150,CALLE,984804.014680008,1724978.84459792,11.1513509226,-74.21662513025,TUGSTENO HALOGENO,REFLECTOR RECTANGULAR,2019-09-12 10:13:19-05
400,TURISTICA PERLA DEL CARIBE,LA PAZ,,ALUMBRADO PUBLICO -/- LUMINARIA HORIZONTAL CERRADA CON FOTOCELDA SODIO  70 W,70,CALLE,985169,1724540,,,SODIO,Sin Identificar...,2019-09-12 10:13:19-05
401,TURISTICA PERLA DEL CARIBE,LA PAZ,A9306,ALUMBRADO PUBLICO -/- LUMINARIA HORIZONTAL CERRADA CON FOTOCELDA SODIO  70 W,70,CALLE,985066.165481075,1724579.36448604,11.14774061646,-74.21422349206,SODIO,Sin Identificar...,2019-09-12 10:13:19-05
402,TURISTICA PERLA DEL CARIBE,LA PAZ,,ALUMBRADO PUBLICO -/- LUMINARIA HORIZONTAL CERRADA SODIO  150 W,150,CALLE,985185.527637252,1724389.95078276,,,SODIO,HORIZONTAL CERRADA,2019-09-12 10:13:19-05
403,TURISTICA PERLA DEL CARIBE,LA PAZ,A11626,ALUMBRADO PUBLICO -/- LUMINARIA HORIZONTAL CERRADA CON FOTOCELDA SODIO  70 W,70,CALLE,985204,1724558,,,SODIO,Sin Identificar...,2019-09-12 10:13:19-05
404,TURISTICA PERLA DEL CARIBE,LA PAZ,A11444,ALUMBRADO PUBLICO -/- LUMINARIA HORIZONTAL CERRADA CON FOTOCELDA SODIO  70 W,70,CALLE,985135,1724631,,,SODIO,Sin Identificar...,2019-09-12 10:13:19-05
405,TURISTICA PERLA DEL CARIBE,LA PAZ,A11443,ALUMBRADO PUBLICO -/- LUMINARIA HORIZONTAL CERRADA CON FOTOCELDA SODIO  70 W,70,CALLE,985135,1724596,,,SODIO,Sin Identificar...,2019-09-12 10:13:19-05
406,TURISTICA PERLA DEL CARIBE,LA PAZ,,ALUMBRADO PUBLICO -/- LUMINARIA HORIZONTAL CERRADA CON FOTOCELDA SODIO  150 W,150,CALLE,985171,1724567,,,SODIO,HORIZONTAL CERRADA,2019-09-12 10:13:19-05
407,TURISTICA PERLA DEL CARIBE,LA PAZ,,ALUMBRADO PUBLICO -/- REFLECTOR RECTANGULAR METAL HALIDE 250 W,250,CALLE,985391.606552664,1724541.5588641,11.14740018571,-74.21124400876,METAL HALIDE,REFLECTOR RECTANGULAR,2019-09-12 10:13:19-05
408,TURISTICA PERLA DEL CARIBE,LA PAZ,,ALUMBRADO PUBLICO -/- REFLECTOR RECTANGULAR METAL HALIDE 250 W,250,CALLE,985391.606552664,1724541.5588641,11.14740018571,-74.21124400876,METAL HALIDE,REFLECTOR RECTANGULAR,2019-09-12 10:13:19-05
409,TURISTICA PERLA DEL CARIBE,LA PAZ,,ALUMBRADO PUBLICO -/- LUMINARIA HORIZONTAL CERRADA CON FOTOCELDA SODIO  70 W,70,CALLE,985204,1724581,,,SODIO,Sin Identificar...,2019-09-12 10:13:19-05
410,TURISTICA PERLA DEL CARIBE,LA PAZ,A11610,ALUMBRADO PUBLICO -/- LUMINARIA HORIZONTAL CERRADA CON FOTOCELDA SODIO  70 W,70,CALLE,985205,1724659,,,SODIO,Sin Identificar...,2019-09-12 10:13:19-05
411,TURISTICA PERLA DEL CARIBE,LA PAZ,,ALUMBRADO PUBLICO -/- REFLECTOR RECTANGULAR LED 50 W,50,CALLE,985193.344922838,1725054.09853378,11.15203287031,-74.21306118621,LED,REFLECTOR RECTANGULAR,2019-09-12 10:13:19-05
412,TURISTICA PERLA DEL CARIBE,LA PAZ,2369,ALUMBRADO PUBLICO -/- LUMINARIA HORIZONTAL CERRADA CON FOTOCELDA SODIO  70 W,70,CALLE,985242.851399527,1725006.60662236,,,SODIO,Sin Identificar...,2019-09-12 10:13:19-05
413,TURISTICA PERLA DEL CARIBE,LA PAZ,,ALUMBRADO PUBLICO -/- REFLECTOR RECTANGULAR LED  250 W,250,CALLE,985419.081074661,1724645.70956269,11.14834184871,-74.21099291652,LED,REFLECTOR RECTANGULAR,2019-09-12 10:13:19-05
414,TURISTICA PERLA DEL CARIBE,LA PAZ,,ALUMBRADO PUBLICO -/- REFLECTOR RECTANGULAR AHORRADOR 42 W ,50,CALLE,985543.685776358,1725116.05380804,11.15259439504,-74.20985411435,FLUORESCENTE,REFLECTOR RECTANGULAR,2019-09-12 10:13:19-05
